-- MySQL dump 10.13  Distrib 8.0.36, for macos14 (x86_64)
--
-- Host: localhost    Database: schedule
-- ------------------------------------------------------
-- Server version	8.4.0

/*!40101 SET @OLD_CHARACTER_SET_CLIENT=@@CHARACTER_SET_CLIENT */;
/*!40101 SET @OLD_CHARACTER_SET_RESULTS=@@CHARACTER_SET_RESULTS */;
/*!40101 SET @OLD_COLLATION_CONNECTION=@@COLLATION_CONNECTION */;
/*!50503 SET NAMES utf8 */;
/*!40103 SET @OLD_TIME_ZONE=@@TIME_ZONE */;
/*!40103 SET TIME_ZONE='+00:00' */;
/*!40014 SET @OLD_UNIQUE_CHECKS=@@UNIQUE_CHECKS, UNIQUE_CHECKS=0 */;
/*!40014 SET @OLD_FOREIGN_KEY_CHECKS=@@FOREIGN_KEY_CHECKS, FOREIGN_KEY_CHECKS=0 */;
/*!40101 SET @OLD_SQL_MODE=@@SQL_MODE, SQL_MODE='NO_AUTO_VALUE_ON_ZERO' */;
/*!40111 SET @OLD_SQL_NOTES=@@SQL_NOTES, SQL_NOTES=0 */;

--
-- Table structure for table `rooms`
--

DROP TABLE IF EXISTS `rooms`;
/*!40101 SET @saved_cs_client     = @@character_set_client */;
/*!50503 SET character_set_client = utf8mb4 */;
CREATE TABLE `rooms` (
  `room_id` int NOT NULL AUTO_INCREMENT,
  `building` varchar(50) NOT NULL,
  `floor_number` int NOT NULL,
  `room_number` varchar(10) NOT NULL,
  PRIMARY KEY (`room_id`)
) ENGINE=InnoDB AUTO_INCREMENT=13 DEFAULT CHARSET=utf8mb4 COLLATE=utf8mb4_0900_ai_ci;
/*!40101 SET character_set_client = @saved_cs_client */;

--
-- Dumping data for table `rooms`
--

LOCK TABLES `rooms` WRITE;
/*!40000 ALTER TABLE `rooms` DISABLE KEYS */;
INSERT INTO `rooms` VALUES (1,'Gusaling Villegas',2,'GV 204'),(2,'Gusaling Villegas',2,'GV 205'),(3,'Gusaling Villegas',2,'GV 206'),(4,'Gusaling Villegas',2,'GV 207'),(5,'Gusaling Villegas',2,'GV 208'),(6,'Gusaling Villegas',2,'GV 209'),(7,'Gusaling Villegas',3,'GV 304'),(8,'Gusaling Villegas',3,'GV 305'),(9,'Gusaling Villegas',3,'GV 306'),(10,'Gusaling Villegas',3,'GV 307'),(11,'Gusaling Villegas',3,'GV 308'),(12,'Gusaling Villegas',3,'GV 309');
/*!40000 ALTER TABLE `rooms` ENABLE KEYS */;
UNLOCK TABLES;

--
-- Table structure for table `schedules`
--

DROP TABLE IF EXISTS `schedules`;
/*!40101 SET @saved_cs_client     = @@character_set_client */;
/*!50503 SET character_set_client = utf8mb4 */;
CREATE TABLE `schedules` (
  `schedule_id` int NOT NULL AUTO_INCREMENT,
  `room_id` int NOT NULL,
  `day_of_week` enum('Monday','Tuesday','Wednesday','Thursday','Friday','Saturday') NOT NULL,
  `start_time` time NOT NULL,
  `end_time` time NOT NULL,
  `status` enum('available','occupied') DEFAULT 'available',
  PRIMARY KEY (`schedule_id`),
  KEY `room_id` (`room_id`),
  CONSTRAINT `schedules_ibfk_1` FOREIGN KEY (`room_id`) REFERENCES `rooms` (`room_id`)
) ENGINE=InnoDB AUTO_INCREMENT=841 DEFAULT CHARSET=utf8mb4 COLLATE=utf8mb4_0900_ai_ci;
/*!40101 SET character_set_client = @saved_cs_client */;

--
-- Dumping data for table `schedules`
--

LOCK TABLES `schedules` WRITE;
/*!40000 ALTER TABLE `schedules` DISABLE KEYS */;
INSERT INTO `schedules` VALUES (121,1,'Monday','07:00:00','08:30:00','occupied'),(122,1,'Monday','08:30:00','10:00:00','available'),(123,1,'Monday','10:00:00','11:30:00','occupied'),(124,1,'Monday','11:30:00','13:00:00','occupied'),(125,1,'Monday','13:00:00','14:30:00','occupied'),(126,1,'Monday','14:30:00','16:00:00','occupied'),(127,1,'Monday','16:00:00','17:30:00','occupied'),(128,1,'Monday','17:30:00','19:00:00','occupied'),(129,1,'Monday','19:00:00','20:30:00','occupied'),(130,1,'Monday','20:30:00','21:00:00','available'),(131,1,'Tuesday','07:00:00','08:30:00','occupied'),(132,1,'Tuesday','08:30:00','10:00:00','occupied'),(133,1,'Tuesday','10:00:00','11:30:00','occupied'),(134,1,'Tuesday','11:30:00','13:00:00','occupied'),(135,1,'Tuesday','13:00:00','14:30:00','available'),(136,1,'Tuesday','14:30:00','16:00:00','occupied'),(137,1,'Tuesday','16:00:00','17:30:00','available'),(138,1,'Tuesday','17:30:00','19:00:00','occupied'),(139,1,'Tuesday','19:00:00','20:30:00','occupied'),(140,1,'Tuesday','20:30:00','21:00:00','available'),(141,1,'Wednesday','07:00:00','08:30:00','occupied'),(142,1,'Wednesday','08:30:00','10:00:00','available'),(143,1,'Wednesday','10:00:00','11:30:00','occupied'),(144,1,'Wednesday','11:30:00','13:00:00','occupied'),(145,1,'Wednesday','13:00:00','14:30:00','occupied'),(146,1,'Wednesday','14:30:00','16:00:00','occupied'),(147,1,'Wednesday','16:00:00','17:30:00','occupied'),(148,1,'Wednesday','17:30:00','19:00:00','occupied'),(149,1,'Wednesday','19:00:00','20:30:00','occupied'),(150,1,'Wednesday','20:30:00','21:00:00','available'),(151,1,'Thursday','07:00:00','08:30:00','occupied'),(152,1,'Thursday','08:30:00','10:00:00','occupied'),(153,1,'Thursday','10:00:00','11:30:00','occupied'),(154,1,'Thursday','11:30:00','13:00:00','occupied'),(155,1,'Thursday','13:00:00','14:30:00','occupied'),(156,1,'Thursday','14:30:00','16:00:00','available'),(157,1,'Thursday','16:00:00','17:30:00','occupied'),(158,1,'Thursday','17:30:00','19:00:00','occupied'),(159,1,'Thursday','19:00:00','20:30:00','occupied'),(160,1,'Thursday','20:30:00','21:00:00','available'),(161,1,'Friday','07:00:00','08:30:00','occupied'),(162,1,'Friday','08:30:00','10:00:00','occupied'),(163,1,'Friday','10:00:00','11:30:00','occupied'),(164,1,'Friday','11:30:00','13:00:00','available'),(165,1,'Friday','13:00:00','14:30:00','occupied'),(166,1,'Friday','14:30:00','16:00:00','occupied'),(167,1,'Friday','16:00:00','17:30:00','occupied'),(168,1,'Friday','17:30:00','19:00:00','occupied'),(169,1,'Friday','19:00:00','20:30:00','occupied'),(170,1,'Friday','20:30:00','21:00:00','available'),(171,1,'Saturday','07:00:00','08:30:00','occupied'),(172,1,'Saturday','08:30:00','10:00:00','occupied'),(173,1,'Saturday','10:00:00','11:30:00','occupied'),(174,1,'Saturday','11:30:00','13:00:00','occupied'),(175,1,'Saturday','13:00:00','14:30:00','available'),(176,1,'Saturday','14:30:00','16:00:00','occupied'),(177,1,'Saturday','16:00:00','17:30:00','occupied'),(178,1,'Saturday','17:30:00','19:00:00','occupied'),(179,1,'Saturday','19:00:00','20:30:00','occupied'),(180,1,'Saturday','20:30:00','21:00:00','available'),(181,2,'Monday','07:00:00','08:30:00','available'),(182,2,'Monday','08:30:00','10:00:00','occupied'),(183,2,'Monday','10:00:00','11:30:00','occupied'),(184,2,'Monday','11:30:00','13:00:00','occupied'),(185,2,'Monday','13:00:00','14:30:00','occupied'),(186,2,'Monday','14:30:00','16:00:00','occupied'),(187,2,'Monday','16:00:00','17:30:00','occupied'),(188,2,'Monday','17:30:00','19:00:00','occupied'),(189,2,'Monday','19:00:00','20:30:00','available'),(190,2,'Monday','20:30:00','21:00:00','available'),(191,2,'Tuesday','07:00:00','08:30:00','occupied'),(192,2,'Tuesday','08:30:00','10:00:00','occupied'),(193,2,'Tuesday','10:00:00','11:30:00','available'),(194,2,'Tuesday','11:30:00','13:00:00','occupied'),(195,2,'Tuesday','13:00:00','14:30:00','occupied'),(196,2,'Tuesday','14:30:00','16:00:00','available'),(197,2,'Tuesday','16:00:00','17:30:00','available'),(198,2,'Tuesday','17:30:00','19:00:00','occupied'),(199,2,'Tuesday','19:00:00','20:30:00','occupied'),(200,2,'Tuesday','20:30:00','21:00:00','occupied'),(201,2,'Wednesday','07:00:00','08:30:00','occupied'),(202,2,'Wednesday','08:30:00','10:00:00','occupied'),(203,2,'Wednesday','10:00:00','11:30:00','occupied'),(204,2,'Wednesday','11:30:00','13:00:00','available'),(205,2,'Wednesday','13:00:00','14:30:00','occupied'),(206,2,'Wednesday','14:30:00','16:00:00','occupied'),(207,2,'Wednesday','16:00:00','17:30:00','occupied'),(208,2,'Wednesday','17:30:00','19:00:00','occupied'),(209,2,'Wednesday','19:00:00','20:30:00','occupied'),(210,2,'Wednesday','20:30:00','21:00:00','occupied'),(211,2,'Thursday','07:00:00','08:30:00','available'),(212,2,'Thursday','08:30:00','10:00:00','occupied'),(213,2,'Thursday','10:00:00','11:30:00','occupied'),(214,2,'Thursday','11:30:00','13:00:00','occupied'),(215,2,'Thursday','13:00:00','14:30:00','occupied'),(216,2,'Thursday','14:30:00','16:00:00','occupied'),(217,2,'Thursday','16:00:00','17:30:00','available'),(218,2,'Thursday','17:30:00','19:00:00','occupied'),(219,2,'Thursday','19:00:00','20:30:00','occupied'),(220,2,'Thursday','20:30:00','21:00:00','available'),(221,2,'Friday','07:00:00','08:30:00','occupied'),(222,2,'Friday','08:30:00','10:00:00','occupied'),(223,2,'Friday','10:00:00','11:30:00','occupied'),(224,2,'Friday','11:30:00','13:00:00','available'),(225,2,'Friday','13:00:00','14:30:00','available'),(226,2,'Friday','14:30:00','16:00:00','occupied'),(227,2,'Friday','16:00:00','17:30:00','occupied'),(228,2,'Friday','17:30:00','19:00:00','occupied'),(229,2,'Friday','19:00:00','20:30:00','available'),(230,2,'Friday','20:30:00','21:00:00','occupied'),(231,2,'Saturday','07:00:00','08:30:00','occupied'),(232,2,'Saturday','08:30:00','10:00:00','occupied'),(233,2,'Saturday','10:00:00','11:30:00','occupied'),(234,2,'Saturday','11:30:00','13:00:00','occupied'),(235,2,'Saturday','13:00:00','14:30:00','available'),(236,2,'Saturday','14:30:00','16:00:00','occupied'),(237,2,'Saturday','16:00:00','17:30:00','occupied'),(238,2,'Saturday','17:30:00','19:00:00','available'),(239,2,'Saturday','19:00:00','20:30:00','available'),(240,2,'Saturday','20:30:00','21:00:00','available'),(241,3,'Monday','07:00:00','08:30:00','occupied'),(242,3,'Monday','08:30:00','10:00:00','available'),(243,3,'Monday','10:00:00','11:30:00','occupied'),(244,3,'Monday','11:30:00','13:00:00','occupied'),(245,3,'Monday','13:00:00','14:30:00','occupied'),(246,3,'Monday','14:30:00','16:00:00','occupied'),(247,3,'Monday','16:00:00','17:30:00','occupied'),(248,3,'Monday','17:30:00','19:00:00','available'),(249,3,'Monday','19:00:00','20:30:00','occupied'),(250,3,'Monday','20:30:00','21:00:00','available'),(251,3,'Tuesday','07:00:00','08:30:00','occupied'),(252,3,'Tuesday','08:30:00','10:00:00','occupied'),(253,3,'Tuesday','10:00:00','11:30:00','available'),(254,3,'Tuesday','11:30:00','13:00:00','occupied'),(255,3,'Tuesday','13:00:00','14:30:00','occupied'),(256,3,'Tuesday','14:30:00','16:00:00','occupied'),(257,3,'Tuesday','16:00:00','17:30:00','occupied'),(258,3,'Tuesday','17:30:00','19:00:00','occupied'),(259,3,'Tuesday','19:00:00','20:30:00','available'),(260,3,'Tuesday','20:30:00','21:00:00','occupied'),(261,3,'Wednesday','07:00:00','08:30:00','occupied'),(262,3,'Wednesday','08:30:00','10:00:00','available'),(263,3,'Wednesday','10:00:00','11:30:00','occupied'),(264,3,'Wednesday','11:30:00','13:00:00','occupied'),(265,3,'Wednesday','13:00:00','14:30:00','occupied'),(266,3,'Wednesday','14:30:00','16:00:00','occupied'),(267,3,'Wednesday','16:00:00','17:30:00','occupied'),(268,3,'Wednesday','17:30:00','19:00:00','available'),(269,3,'Wednesday','19:00:00','20:30:00','occupied'),(270,3,'Wednesday','20:30:00','21:00:00','occupied'),(271,3,'Thursday','07:00:00','08:30:00','occupied'),(272,3,'Thursday','08:30:00','10:00:00','occupied'),(273,3,'Thursday','10:00:00','11:30:00','available'),(274,3,'Thursday','11:30:00','13:00:00','occupied'),(275,3,'Thursday','13:00:00','14:30:00','occupied'),(276,3,'Thursday','14:30:00','16:00:00','occupied'),(277,3,'Thursday','16:00:00','17:30:00','occupied'),(278,3,'Thursday','17:30:00','19:00:00','available'),(279,3,'Thursday','19:00:00','20:30:00','occupied'),(280,3,'Thursday','20:30:00','21:00:00','occupied'),(281,3,'Friday','07:00:00','08:30:00','occupied'),(282,3,'Friday','08:30:00','10:00:00','occupied'),(283,3,'Friday','10:00:00','11:30:00','available'),(284,3,'Friday','11:30:00','13:00:00','occupied'),(285,3,'Friday','13:00:00','14:30:00','occupied'),(286,3,'Friday','14:30:00','16:00:00','occupied'),(287,3,'Friday','16:00:00','17:30:00','available'),(288,3,'Friday','17:30:00','19:00:00','occupied'),(289,3,'Friday','19:00:00','20:30:00','occupied'),(290,3,'Friday','20:30:00','21:00:00','occupied'),(291,3,'Saturday','07:00:00','08:30:00','occupied'),(292,3,'Saturday','08:30:00','10:00:00','occupied'),(293,3,'Saturday','10:00:00','11:30:00','available'),(294,3,'Saturday','11:30:00','13:00:00','occupied'),(295,3,'Saturday','13:00:00','14:30:00','occupied'),(296,3,'Saturday','14:30:00','16:00:00','occupied'),(297,3,'Saturday','16:00:00','17:30:00','occupied'),(298,3,'Saturday','17:30:00','19:00:00','available'),(299,3,'Saturday','19:00:00','20:30:00','occupied'),(300,3,'Saturday','20:30:00','21:00:00','occupied'),(301,4,'Monday','07:00:00','08:30:00','occupied'),(302,4,'Monday','08:30:00','10:00:00','available'),(303,4,'Monday','10:00:00','11:30:00','occupied'),(304,4,'Monday','11:30:00','13:00:00','occupied'),(305,4,'Monday','13:00:00','14:30:00','occupied'),(306,4,'Monday','14:30:00','16:00:00','occupied'),(307,4,'Monday','16:00:00','17:30:00','occupied'),(308,4,'Monday','17:30:00','19:00:00','occupied'),(309,4,'Monday','19:00:00','20:30:00','available'),(310,4,'Monday','20:30:00','21:00:00','occupied'),(311,4,'Tuesday','07:00:00','08:30:00','occupied'),(312,4,'Tuesday','08:30:00','10:00:00','occupied'),(313,4,'Tuesday','10:00:00','11:30:00','occupied'),(314,4,'Tuesday','11:30:00','13:00:00','occupied'),(315,4,'Tuesday','13:00:00','14:30:00','available'),(316,4,'Tuesday','14:30:00','16:00:00','occupied'),(317,4,'Tuesday','16:00:00','17:30:00','occupied'),(318,4,'Tuesday','17:30:00','19:00:00','available'),(319,4,'Tuesday','19:00:00','20:30:00','occupied'),(320,4,'Tuesday','20:30:00','21:00:00','occupied'),(321,4,'Wednesday','07:00:00','08:30:00','occupied'),(322,4,'Wednesday','08:30:00','10:00:00','occupied'),(323,4,'Wednesday','10:00:00','11:30:00','available'),(324,4,'Wednesday','11:30:00','13:00:00','occupied'),(325,4,'Wednesday','13:00:00','14:30:00','occupied'),(326,4,'Wednesday','14:30:00','16:00:00','occupied'),(327,4,'Wednesday','16:00:00','17:30:00','available'),(328,4,'Wednesday','17:30:00','19:00:00','occupied'),(329,4,'Wednesday','19:00:00','20:30:00','occupied'),(330,4,'Wednesday','20:30:00','21:00:00','occupied'),(331,4,'Thursday','07:00:00','08:30:00','occupied'),(332,4,'Thursday','08:30:00','10:00:00','available'),(333,4,'Thursday','10:00:00','11:30:00','occupied'),(334,4,'Thursday','11:30:00','13:00:00','occupied'),(335,4,'Thursday','13:00:00','14:30:00','occupied'),(336,4,'Thursday','14:30:00','16:00:00','occupied'),(337,4,'Thursday','16:00:00','17:30:00','occupied'),(338,4,'Thursday','17:30:00','19:00:00','available'),(339,4,'Thursday','19:00:00','20:30:00','occupied'),(340,4,'Thursday','20:30:00','21:00:00','occupied'),(341,4,'Friday','07:00:00','08:30:00','occupied'),(342,4,'Friday','08:30:00','10:00:00','occupied'),(343,4,'Friday','10:00:00','11:30:00','occupied'),(344,4,'Friday','11:30:00','13:00:00','available'),(345,4,'Friday','13:00:00','14:30:00','occupied'),(346,4,'Friday','14:30:00','16:00:00','occupied'),(347,4,'Friday','16:00:00','17:30:00','occupied'),(348,4,'Friday','17:30:00','19:00:00','available'),(349,4,'Friday','19:00:00','20:30:00','occupied'),(350,4,'Friday','20:30:00','21:00:00','occupied'),(351,4,'Saturday','07:00:00','08:30:00','occupied'),(352,4,'Saturday','08:30:00','10:00:00','available'),(353,4,'Saturday','10:00:00','11:30:00','occupied'),(354,4,'Saturday','11:30:00','13:00:00','occupied'),(355,4,'Saturday','13:00:00','14:30:00','occupied'),(356,4,'Saturday','14:30:00','16:00:00','occupied'),(357,4,'Saturday','16:00:00','17:30:00','available'),(358,4,'Saturday','17:30:00','19:00:00','occupied'),(359,4,'Saturday','19:00:00','20:30:00','occupied'),(360,4,'Saturday','20:30:00','21:00:00','occupied'),(361,5,'Monday','07:00:00','08:30:00','occupied'),(362,5,'Monday','08:30:00','10:00:00','occupied'),(363,5,'Monday','10:00:00','11:30:00','occupied'),(364,5,'Monday','11:30:00','13:00:00','occupied'),(365,5,'Monday','13:00:00','14:30:00','occupied'),(366,5,'Monday','14:30:00','16:00:00','available'),(367,5,'Monday','16:00:00','17:30:00','occupied'),(368,5,'Monday','17:30:00','19:00:00','occupied'),(369,5,'Monday','19:00:00','20:30:00','occupied'),(370,5,'Monday','20:30:00','21:00:00','available'),(371,5,'Tuesday','07:00:00','08:30:00','occupied'),(372,5,'Tuesday','08:30:00','10:00:00','available'),(373,5,'Tuesday','10:00:00','11:30:00','occupied'),(374,5,'Tuesday','11:30:00','13:00:00','occupied'),(375,5,'Tuesday','13:00:00','14:30:00','occupied'),(376,5,'Tuesday','14:30:00','16:00:00','occupied'),(377,5,'Tuesday','16:00:00','17:30:00','occupied'),(378,5,'Tuesday','17:30:00','19:00:00','available'),(379,5,'Tuesday','19:00:00','20:30:00','occupied'),(380,5,'Tuesday','20:30:00','21:00:00','occupied'),(381,5,'Wednesday','07:00:00','08:30:00','occupied'),(382,5,'Wednesday','08:30:00','10:00:00','occupied'),(383,5,'Wednesday','10:00:00','11:30:00','available'),(384,5,'Wednesday','11:30:00','13:00:00','occupied'),(385,5,'Wednesday','13:00:00','14:30:00','occupied'),(386,5,'Wednesday','14:30:00','16:00:00','occupied'),(387,5,'Wednesday','16:00:00','17:30:00','available'),(388,5,'Wednesday','17:30:00','19:00:00','occupied'),(389,5,'Wednesday','19:00:00','20:30:00','occupied'),(390,5,'Wednesday','20:30:00','21:00:00','occupied'),(391,5,'Thursday','07:00:00','08:30:00','occupied'),(392,5,'Thursday','08:30:00','10:00:00','available'),(393,5,'Thursday','10:00:00','11:30:00','occupied'),(394,5,'Thursday','11:30:00','13:00:00','occupied'),(395,5,'Thursday','13:00:00','14:30:00','occupied'),(396,5,'Thursday','14:30:00','16:00:00','occupied'),(397,5,'Thursday','16:00:00','17:30:00','occupied'),(398,5,'Thursday','17:30:00','19:00:00','available'),(399,5,'Thursday','19:00:00','20:30:00','occupied'),(400,5,'Thursday','20:30:00','21:00:00','occupied'),(401,5,'Friday','07:00:00','08:30:00','occupied'),(402,5,'Friday','08:30:00','10:00:00','available'),(403,5,'Friday','10:00:00','11:30:00','occupied'),(404,5,'Friday','11:30:00','13:00:00','occupied'),(405,5,'Friday','13:00:00','14:30:00','occupied'),(406,5,'Friday','14:30:00','16:00:00','occupied'),(407,5,'Friday','16:00:00','17:30:00','occupied'),(408,5,'Friday','17:30:00','19:00:00','available'),(409,5,'Friday','19:00:00','20:30:00','occupied'),(410,5,'Friday','20:30:00','21:00:00','occupied'),(411,5,'Saturday','07:00:00','08:30:00','occupied'),(412,5,'Saturday','08:30:00','10:00:00','available'),(413,5,'Saturday','10:00:00','11:30:00','occupied'),(414,5,'Saturday','11:30:00','13:00:00','occupied'),(415,5,'Saturday','13:00:00','14:30:00','occupied'),(416,5,'Saturday','14:30:00','16:00:00','occupied'),(417,5,'Saturday','16:00:00','17:30:00','occupied'),(418,5,'Saturday','17:30:00','19:00:00','available'),(419,5,'Saturday','19:00:00','20:30:00','occupied'),(420,5,'Saturday','20:30:00','21:00:00','occupied'),(421,6,'Monday','07:00:00','08:30:00','occupied'),(422,6,'Monday','08:30:00','10:00:00','occupied'),(423,6,'Monday','10:00:00','11:30:00','available'),(424,6,'Monday','11:30:00','13:00:00','occupied'),(425,6,'Monday','13:00:00','14:30:00','occupied'),(426,6,'Monday','14:30:00','16:00:00','occupied'),(427,6,'Monday','16:00:00','17:30:00','available'),(428,6,'Monday','17:30:00','19:00:00','occupied'),(429,6,'Monday','19:00:00','20:30:00','occupied'),(430,6,'Monday','20:30:00','21:00:00','available'),(431,6,'Tuesday','07:00:00','08:30:00','occupied'),(432,6,'Tuesday','08:30:00','10:00:00','occupied'),(433,6,'Tuesday','10:00:00','11:30:00','available'),(434,6,'Tuesday','11:30:00','13:00:00','occupied'),(435,6,'Tuesday','13:00:00','14:30:00','occupied'),(436,6,'Tuesday','14:30:00','16:00:00','occupied'),(437,6,'Tuesday','16:00:00','17:30:00','available'),(438,6,'Tuesday','17:30:00','19:00:00','occupied'),(439,6,'Tuesday','19:00:00','20:30:00','occupied'),(440,6,'Tuesday','20:30:00','21:00:00','occupied'),(441,6,'Wednesday','07:00:00','08:30:00','occupied'),(442,6,'Wednesday','08:30:00','10:00:00','available'),(443,6,'Wednesday','10:00:00','11:30:00','occupied'),(444,6,'Wednesday','11:30:00','13:00:00','occupied'),(445,6,'Wednesday','13:00:00','14:30:00','occupied'),(446,6,'Wednesday','14:30:00','16:00:00','occupied'),(447,6,'Wednesday','16:00:00','17:30:00','occupied'),(448,6,'Wednesday','17:30:00','19:00:00','occupied'),(449,6,'Wednesday','19:00:00','20:30:00','available'),(450,6,'Wednesday','20:30:00','21:00:00','occupied'),(451,6,'Thursday','07:00:00','08:30:00','occupied'),(452,6,'Thursday','08:30:00','10:00:00','occupied'),(453,6,'Thursday','10:00:00','11:30:00','available'),(454,6,'Thursday','11:30:00','13:00:00','occupied'),(455,6,'Thursday','13:00:00','14:30:00','occupied'),(456,6,'Thursday','14:30:00','16:00:00','occupied'),(457,6,'Thursday','16:00:00','17:30:00','available'),(458,6,'Thursday','17:30:00','19:00:00','occupied'),(459,6,'Thursday','19:00:00','20:30:00','occupied'),(460,6,'Thursday','20:30:00','21:00:00','occupied'),(461,6,'Friday','07:00:00','08:30:00','occupied'),(462,6,'Friday','08:30:00','10:00:00','occupied'),(463,6,'Friday','10:00:00','11:30:00','available'),(464,6,'Friday','11:30:00','13:00:00','occupied'),(465,6,'Friday','13:00:00','14:30:00','occupied'),(466,6,'Friday','14:30:00','16:00:00','occupied'),(467,6,'Friday','16:00:00','17:30:00','available'),(468,6,'Friday','17:30:00','19:00:00','occupied'),(469,6,'Friday','19:00:00','20:30:00','occupied'),(470,6,'Friday','20:30:00','21:00:00','occupied'),(471,6,'Saturday','07:00:00','08:30:00','occupied'),(472,6,'Saturday','08:30:00','10:00:00','occupied'),(473,6,'Saturday','10:00:00','11:30:00','available'),(474,6,'Saturday','11:30:00','13:00:00','occupied'),(475,6,'Saturday','13:00:00','14:30:00','occupied'),(476,6,'Saturday','14:30:00','16:00:00','occupied'),(477,6,'Saturday','16:00:00','17:30:00','occupied'),(478,6,'Saturday','17:30:00','19:00:00','available'),(479,6,'Saturday','19:00:00','20:30:00','occupied'),(480,6,'Saturday','20:30:00','21:00:00','occupied'),(481,7,'Monday','07:00:00','08:30:00','occupied'),(482,7,'Monday','08:30:00','10:00:00','available'),(483,7,'Monday','10:00:00','11:30:00','occupied'),(484,7,'Monday','11:30:00','13:00:00','occupied'),(485,7,'Monday','13:00:00','14:30:00','available'),(486,7,'Monday','14:30:00','16:00:00','occupied'),(487,7,'Monday','16:00:00','17:30:00','occupied'),(488,7,'Monday','17:30:00','19:00:00','occupied'),(489,7,'Monday','19:00:00','20:30:00','occupied'),(490,7,'Monday','20:30:00','21:00:00','available'),(491,7,'Tuesday','07:00:00','08:30:00','occupied'),(492,7,'Tuesday','08:30:00','10:00:00','occupied'),(493,7,'Tuesday','10:00:00','11:30:00','available'),(494,7,'Tuesday','11:30:00','13:00:00','occupied'),(495,7,'Tuesday','13:00:00','14:30:00','occupied'),(496,7,'Tuesday','14:30:00','16:00:00','occupied'),(497,7,'Tuesday','16:00:00','17:30:00','occupied'),(498,7,'Tuesday','17:30:00','19:00:00','occupied'),(499,7,'Tuesday','19:00:00','20:30:00','available'),(500,7,'Tuesday','20:30:00','21:00:00','occupied'),(501,7,'Wednesday','07:00:00','08:30:00','available'),(502,7,'Wednesday','08:30:00','10:00:00','occupied'),(503,7,'Wednesday','10:00:00','11:30:00','occupied'),(504,7,'Wednesday','11:30:00','13:00:00','occupied'),(505,7,'Wednesday','13:00:00','14:30:00','occupied'),(506,7,'Wednesday','14:30:00','16:00:00','occupied'),(507,7,'Wednesday','16:00:00','17:30:00','occupied'),(508,7,'Wednesday','17:30:00','19:00:00','available'),(509,7,'Wednesday','19:00:00','20:30:00','occupied'),(510,7,'Wednesday','20:30:00','21:00:00','occupied'),(511,7,'Thursday','07:00:00','08:30:00','occupied'),(512,7,'Thursday','08:30:00','10:00:00','occupied'),(513,7,'Thursday','10:00:00','11:30:00','occupied'),(514,7,'Thursday','11:30:00','13:00:00','available'),(515,7,'Thursday','13:00:00','14:30:00','occupied'),(516,7,'Thursday','14:30:00','16:00:00','occupied'),(517,7,'Thursday','16:00:00','17:30:00','occupied'),(518,7,'Thursday','17:30:00','19:00:00','available'),(519,7,'Thursday','19:00:00','20:30:00','occupied'),(520,7,'Thursday','20:30:00','21:00:00','occupied'),(521,7,'Friday','07:00:00','08:30:00','occupied'),(522,7,'Friday','08:30:00','10:00:00','available'),(523,7,'Friday','10:00:00','11:30:00','occupied'),(524,7,'Friday','11:30:00','13:00:00','occupied'),(525,7,'Friday','13:00:00','14:30:00','occupied'),(526,7,'Friday','14:30:00','16:00:00','available'),(527,7,'Friday','16:00:00','17:30:00','occupied'),(528,7,'Friday','17:30:00','19:00:00','occupied'),(529,7,'Friday','19:00:00','20:30:00','occupied'),(530,7,'Friday','20:30:00','21:00:00','available'),(531,7,'Saturday','07:00:00','08:30:00','occupied'),(532,7,'Saturday','08:30:00','10:00:00','occupied'),(533,7,'Saturday','10:00:00','11:30:00','occupied'),(534,7,'Saturday','11:30:00','13:00:00','available'),(535,7,'Saturday','13:00:00','14:30:00','occupied'),(536,7,'Saturday','14:30:00','16:00:00','occupied'),(537,7,'Saturday','16:00:00','17:30:00','occupied'),(538,7,'Saturday','17:30:00','19:00:00','occupied'),(539,7,'Saturday','19:00:00','20:30:00','available'),(540,7,'Saturday','20:30:00','21:00:00','occupied'),(541,8,'Monday','07:00:00','08:30:00','occupied'),(542,8,'Monday','08:30:00','10:00:00','occupied'),(543,8,'Monday','10:00:00','11:30:00','available'),(544,8,'Monday','11:30:00','13:00:00','occupied'),(545,8,'Monday','13:00:00','14:30:00','occupied'),(546,8,'Monday','14:30:00','16:00:00','occupied'),(547,8,'Monday','16:00:00','17:30:00','available'),(548,8,'Monday','17:30:00','19:00:00','occupied'),(549,8,'Monday','19:00:00','20:30:00','occupied'),(550,8,'Monday','20:30:00','21:00:00','occupied'),(551,8,'Tuesday','07:00:00','08:30:00','occupied'),(552,8,'Tuesday','08:30:00','10:00:00','available'),(553,8,'Tuesday','10:00:00','11:30:00','occupied'),(554,8,'Tuesday','11:30:00','13:00:00','occupied'),(555,8,'Tuesday','13:00:00','14:30:00','occupied'),(556,8,'Tuesday','14:30:00','16:00:00','occupied'),(557,8,'Tuesday','16:00:00','17:30:00','available'),(558,8,'Tuesday','17:30:00','19:00:00','occupied'),(559,8,'Tuesday','19:00:00','20:30:00','occupied'),(560,8,'Tuesday','20:30:00','21:00:00','occupied'),(561,8,'Wednesday','07:00:00','08:30:00','available'),(562,8,'Wednesday','08:30:00','10:00:00','occupied'),(563,8,'Wednesday','10:00:00','11:30:00','occupied'),(564,8,'Wednesday','11:30:00','13:00:00','occupied'),(565,8,'Wednesday','13:00:00','14:30:00','occupied'),(566,8,'Wednesday','14:30:00','16:00:00','occupied'),(567,8,'Wednesday','16:00:00','17:30:00','available'),(568,8,'Wednesday','17:30:00','19:00:00','occupied'),(569,8,'Wednesday','19:00:00','20:30:00','occupied'),(570,8,'Wednesday','20:30:00','21:00:00','occupied'),(571,8,'Thursday','07:00:00','08:30:00','occupied'),(572,8,'Thursday','08:30:00','10:00:00','available'),(573,8,'Thursday','10:00:00','11:30:00','occupied'),(574,8,'Thursday','11:30:00','13:00:00','occupied'),(575,8,'Thursday','13:00:00','14:30:00','occupied'),(576,8,'Thursday','14:30:00','16:00:00','available'),(577,8,'Thursday','16:00:00','17:30:00','occupied'),(578,8,'Thursday','17:30:00','19:00:00','occupied'),(579,8,'Thursday','19:00:00','20:30:00','occupied'),(580,8,'Thursday','20:30:00','21:00:00','occupied'),(581,8,'Friday','07:00:00','08:30:00','occupied'),(582,8,'Friday','08:30:00','10:00:00','available'),(583,8,'Friday','10:00:00','11:30:00','occupied'),(584,8,'Friday','11:30:00','13:00:00','occupied'),(585,8,'Friday','13:00:00','14:30:00','occupied'),(586,8,'Friday','14:30:00','16:00:00','available'),(587,8,'Friday','16:00:00','17:30:00','occupied'),(588,8,'Friday','17:30:00','19:00:00','occupied'),(589,8,'Friday','19:00:00','20:30:00','occupied'),(590,8,'Friday','20:30:00','21:00:00','available'),(591,8,'Saturday','07:00:00','08:30:00','occupied'),(592,8,'Saturday','08:30:00','10:00:00','available'),(593,8,'Saturday','10:00:00','11:30:00','occupied'),(594,8,'Saturday','11:30:00','13:00:00','occupied'),(595,8,'Saturday','13:00:00','14:30:00','occupied'),(596,8,'Saturday','14:30:00','16:00:00','occupied'),(597,8,'Saturday','16:00:00','17:30:00','available'),(598,8,'Saturday','17:30:00','19:00:00','occupied'),(599,8,'Saturday','19:00:00','20:30:00','occupied'),(600,8,'Saturday','20:30:00','21:00:00','occupied'),(601,9,'Monday','07:00:00','08:30:00','occupied'),(602,9,'Monday','08:30:00','10:00:00','occupied'),(603,9,'Monday','10:00:00','11:30:00','occupied'),(604,9,'Monday','11:30:00','13:00:00','available'),(605,9,'Monday','13:00:00','14:30:00','occupied'),(606,9,'Monday','14:30:00','16:00:00','occupied'),(607,9,'Monday','16:00:00','17:30:00','available'),(608,9,'Monday','17:30:00','19:00:00','occupied'),(609,9,'Monday','19:00:00','20:30:00','occupied'),(610,9,'Monday','20:30:00','21:00:00','available'),(611,9,'Tuesday','07:00:00','08:30:00','occupied'),(612,9,'Tuesday','08:30:00','10:00:00','occupied'),(613,9,'Tuesday','10:00:00','11:30:00','available'),(614,9,'Tuesday','11:30:00','13:00:00','occupied'),(615,9,'Tuesday','13:00:00','14:30:00','occupied'),(616,9,'Tuesday','14:30:00','16:00:00','occupied'),(617,9,'Tuesday','16:00:00','17:30:00','available'),(618,9,'Tuesday','17:30:00','19:00:00','occupied'),(619,9,'Tuesday','19:00:00','20:30:00','occupied'),(620,9,'Tuesday','20:30:00','21:00:00','occupied'),(621,9,'Wednesday','07:00:00','08:30:00','occupied'),(622,9,'Wednesday','08:30:00','10:00:00','occupied'),(623,9,'Wednesday','10:00:00','11:30:00','available'),(624,9,'Wednesday','11:30:00','13:00:00','occupied'),(625,9,'Wednesday','13:00:00','14:30:00','occupied'),(626,9,'Wednesday','14:30:00','16:00:00','occupied'),(627,9,'Wednesday','16:00:00','17:30:00','available'),(628,9,'Wednesday','17:30:00','19:00:00','occupied'),(629,9,'Wednesday','19:00:00','20:30:00','occupied'),(630,9,'Wednesday','20:30:00','21:00:00','occupied'),(631,9,'Thursday','07:00:00','08:30:00','occupied'),(632,9,'Thursday','08:30:00','10:00:00','occupied'),(633,9,'Thursday','10:00:00','11:30:00','occupied'),(634,9,'Thursday','11:30:00','13:00:00','available'),(635,9,'Thursday','13:00:00','14:30:00','occupied'),(636,9,'Thursday','14:30:00','16:00:00','occupied'),(637,9,'Thursday','16:00:00','17:30:00','available'),(638,9,'Thursday','17:30:00','19:00:00','occupied'),(639,9,'Thursday','19:00:00','20:30:00','occupied'),(640,9,'Thursday','20:30:00','21:00:00','occupied'),(641,9,'Friday','07:00:00','08:30:00','occupied'),(642,9,'Friday','08:30:00','10:00:00','available'),(643,9,'Friday','10:00:00','11:30:00','occupied'),(644,9,'Friday','11:30:00','13:00:00','occupied'),(645,9,'Friday','13:00:00','14:30:00','occupied'),(646,9,'Friday','14:30:00','16:00:00','available'),(647,9,'Friday','16:00:00','17:30:00','occupied'),(648,9,'Friday','17:30:00','19:00:00','occupied'),(649,9,'Friday','19:00:00','20:30:00','occupied'),(650,9,'Friday','20:30:00','21:00:00','available'),(651,9,'Saturday','07:00:00','08:30:00','occupied'),(652,9,'Saturday','08:30:00','10:00:00','occupied'),(653,9,'Saturday','10:00:00','11:30:00','available'),(654,9,'Saturday','11:30:00','13:00:00','occupied'),(655,9,'Saturday','13:00:00','14:30:00','occupied'),(656,9,'Saturday','14:30:00','16:00:00','occupied'),(657,9,'Saturday','16:00:00','17:30:00','available'),(658,9,'Saturday','17:30:00','19:00:00','occupied'),(659,9,'Saturday','19:00:00','20:30:00','occupied'),(660,9,'Saturday','20:30:00','21:00:00','occupied'),(661,10,'Monday','07:00:00','08:30:00','occupied'),(662,10,'Monday','08:30:00','10:00:00','occupied'),(663,10,'Monday','10:00:00','11:30:00','available'),(664,10,'Monday','11:30:00','13:00:00','occupied'),(665,10,'Monday','13:00:00','14:30:00','occupied'),(666,10,'Monday','14:30:00','16:00:00','occupied'),(667,10,'Monday','16:00:00','17:30:00','occupied'),(668,10,'Monday','17:30:00','19:00:00','occupied'),(669,10,'Monday','19:00:00','20:30:00','available'),(670,10,'Monday','20:30:00','21:00:00','occupied'),(671,10,'Tuesday','07:00:00','08:30:00','occupied'),(672,10,'Tuesday','08:30:00','10:00:00','occupied'),(673,10,'Tuesday','10:00:00','11:30:00','occupied'),(674,10,'Tuesday','11:30:00','13:00:00','occupied'),(675,10,'Tuesday','13:00:00','14:30:00','available'),(676,10,'Tuesday','14:30:00','16:00:00','occupied'),(677,10,'Tuesday','16:00:00','17:30:00','occupied'),(678,10,'Tuesday','17:30:00','19:00:00','available'),(679,10,'Tuesday','19:00:00','20:30:00','occupied'),(680,10,'Tuesday','20:30:00','21:00:00','occupied'),(681,10,'Wednesday','07:00:00','08:30:00','occupied'),(682,10,'Wednesday','08:30:00','10:00:00','occupied'),(683,10,'Wednesday','10:00:00','11:30:00','occupied'),(684,10,'Wednesday','11:30:00','13:00:00','available'),(685,10,'Wednesday','13:00:00','14:30:00','occupied'),(686,10,'Wednesday','14:30:00','16:00:00','occupied'),(687,10,'Wednesday','16:00:00','17:30:00','occupied'),(688,10,'Wednesday','17:30:00','19:00:00','occupied'),(689,10,'Wednesday','19:00:00','20:30:00','available'),(690,10,'Wednesday','20:30:00','21:00:00','occupied'),(691,10,'Thursday','07:00:00','08:30:00','available'),(692,10,'Thursday','08:30:00','10:00:00','occupied'),(693,10,'Thursday','10:00:00','11:30:00','occupied'),(694,10,'Thursday','11:30:00','13:00:00','occupied'),(695,10,'Thursday','13:00:00','14:30:00','occupied'),(696,10,'Thursday','14:30:00','16:00:00','available'),(697,10,'Thursday','16:00:00','17:30:00','occupied'),(698,10,'Thursday','17:30:00','19:00:00','occupied'),(699,10,'Thursday','19:00:00','20:30:00','occupied'),(700,10,'Thursday','20:30:00','21:00:00','occupied'),(701,10,'Friday','07:00:00','08:30:00','occupied'),(702,10,'Friday','08:30:00','10:00:00','occupied'),(703,10,'Friday','10:00:00','11:30:00','available'),(704,10,'Friday','11:30:00','13:00:00','occupied'),(705,10,'Friday','13:00:00','14:30:00','occupied'),(706,10,'Friday','14:30:00','16:00:00','available'),(707,10,'Friday','16:00:00','17:30:00','occupied'),(708,10,'Friday','17:30:00','19:00:00','occupied'),(709,10,'Friday','19:00:00','20:30:00','occupied'),(710,10,'Friday','20:30:00','21:00:00','available'),(711,10,'Saturday','07:00:00','08:30:00','occupied'),(712,10,'Saturday','08:30:00','10:00:00','occupied'),(713,10,'Saturday','10:00:00','11:30:00','occupied'),(714,10,'Saturday','11:30:00','13:00:00','available'),(715,10,'Saturday','13:00:00','14:30:00','occupied'),(716,10,'Saturday','14:30:00','16:00:00','occupied'),(717,10,'Saturday','16:00:00','17:30:00','occupied'),(718,10,'Saturday','17:30:00','19:00:00','available'),(719,10,'Saturday','19:00:00','20:30:00','occupied'),(720,10,'Saturday','20:30:00','21:00:00','occupied'),(721,11,'Monday','07:00:00','08:30:00','occupied'),(722,11,'Monday','08:30:00','10:00:00','available'),(723,11,'Monday','10:00:00','11:30:00','occupied'),(724,11,'Monday','11:30:00','13:00:00','occupied'),(725,11,'Monday','13:00:00','14:30:00','occupied'),(726,11,'Monday','14:30:00','16:00:00','occupied'),(727,11,'Monday','16:00:00','17:30:00','occupied'),(728,11,'Monday','17:30:00','19:00:00','available'),(729,11,'Monday','19:00:00','20:30:00','occupied'),(730,11,'Monday','20:30:00','21:00:00','occupied'),(731,11,'Tuesday','07:00:00','08:30:00','occupied'),(732,11,'Tuesday','08:30:00','10:00:00','occupied'),(733,11,'Tuesday','10:00:00','11:30:00','occupied'),(734,11,'Tuesday','11:30:00','13:00:00','available'),(735,11,'Tuesday','13:00:00','14:30:00','occupied'),(736,11,'Tuesday','14:30:00','16:00:00','occupied'),(737,11,'Tuesday','16:00:00','17:30:00','occupied'),(738,11,'Tuesday','17:30:00','19:00:00','occupied'),(739,11,'Tuesday','19:00:00','20:30:00','available'),(740,11,'Tuesday','20:30:00','21:00:00','occupied'),(741,11,'Wednesday','07:00:00','08:30:00','occupied'),(742,11,'Wednesday','08:30:00','10:00:00','available'),(743,11,'Wednesday','10:00:00','11:30:00','occupied'),(744,11,'Wednesday','11:30:00','13:00:00','occupied'),(745,11,'Wednesday','13:00:00','14:30:00','occupied'),(746,11,'Wednesday','14:30:00','16:00:00','occupied'),(747,11,'Wednesday','16:00:00','17:30:00','occupied'),(748,11,'Wednesday','17:30:00','19:00:00','available'),(749,11,'Wednesday','19:00:00','20:30:00','occupied'),(750,11,'Wednesday','20:30:00','21:00:00','occupied'),(751,11,'Thursday','07:00:00','08:30:00','occupied'),(752,11,'Thursday','08:30:00','10:00:00','occupied'),(753,11,'Thursday','10:00:00','11:30:00','occupied'),(754,11,'Thursday','11:30:00','13:00:00','occupied'),(755,11,'Thursday','13:00:00','14:30:00','available'),(756,11,'Thursday','14:30:00','16:00:00','occupied'),(757,11,'Thursday','16:00:00','17:30:00','occupied'),(758,11,'Thursday','17:30:00','19:00:00','available'),(759,11,'Thursday','19:00:00','20:30:00','occupied'),(760,11,'Thursday','20:30:00','21:00:00','occupied'),(761,11,'Friday','07:00:00','08:30:00','occupied'),(762,11,'Friday','08:30:00','10:00:00','available'),(763,11,'Friday','10:00:00','11:30:00','occupied'),(764,11,'Friday','11:30:00','13:00:00','occupied'),(765,11,'Friday','13:00:00','14:30:00','occupied'),(766,11,'Friday','14:30:00','16:00:00','occupied'),(767,11,'Friday','16:00:00','17:30:00','occupied'),(768,11,'Friday','17:30:00','19:00:00','available'),(769,11,'Friday','19:00:00','20:30:00','occupied'),(770,11,'Friday','20:30:00','21:00:00','occupied'),(771,11,'Saturday','07:00:00','08:30:00','occupied'),(772,11,'Saturday','08:30:00','10:00:00','occupied'),(773,11,'Saturday','10:00:00','11:30:00','occupied'),(774,11,'Saturday','11:30:00','13:00:00','available'),(775,11,'Saturday','13:00:00','14:30:00','occupied'),(776,11,'Saturday','14:30:00','16:00:00','occupied'),(777,11,'Saturday','16:00:00','17:30:00','available'),(778,11,'Saturday','17:30:00','19:00:00','occupied'),(779,11,'Saturday','19:00:00','20:30:00','occupied'),(780,11,'Saturday','20:30:00','21:00:00','available'),(781,12,'Monday','07:00:00','08:30:00','occupied'),(782,12,'Monday','08:30:00','10:00:00','occupied'),(783,12,'Monday','10:00:00','11:30:00','occupied'),(784,12,'Monday','11:30:00','13:00:00','available'),(785,12,'Monday','13:00:00','14:30:00','occupied'),(786,12,'Monday','14:30:00','16:00:00','occupied'),(787,12,'Monday','16:00:00','17:30:00','available'),(788,12,'Monday','17:30:00','19:00:00','occupied'),(789,12,'Monday','19:00:00','20:30:00','occupied'),(790,12,'Monday','20:30:00','21:00:00','available'),(791,12,'Tuesday','07:00:00','08:30:00','occupied'),(792,12,'Tuesday','08:30:00','10:00:00','occupied'),(793,12,'Tuesday','10:00:00','11:30:00','occupied'),(794,12,'Tuesday','11:30:00','13:00:00','available'),(795,12,'Tuesday','13:00:00','14:30:00','occupied'),(796,12,'Tuesday','14:30:00','16:00:00','occupied'),(797,12,'Tuesday','16:00:00','17:30:00','occupied'),(798,12,'Tuesday','17:30:00','19:00:00','available'),(799,12,'Tuesday','19:00:00','20:30:00','occupied'),(800,12,'Tuesday','20:30:00','21:00:00','occupied'),(801,12,'Wednesday','07:00:00','08:30:00','occupied'),(802,12,'Wednesday','08:30:00','10:00:00','occupied'),(803,12,'Wednesday','10:00:00','11:30:00','available'),(804,12,'Wednesday','11:30:00','13:00:00','occupied'),(805,12,'Wednesday','13:00:00','14:30:00','occupied'),(806,12,'Wednesday','14:30:00','16:00:00','occupied'),(807,12,'Wednesday','16:00:00','17:30:00','available'),(808,12,'Wednesday','17:30:00','19:00:00','occupied'),(809,12,'Wednesday','19:00:00','20:30:00','occupied'),(810,12,'Wednesday','20:30:00','21:00:00','occupied'),(811,12,'Thursday','07:00:00','08:30:00','occupied'),(812,12,'Thursday','08:30:00','10:00:00','occupied'),(813,12,'Thursday','10:00:00','11:30:00','occupied'),(814,12,'Thursday','11:30:00','13:00:00','occupied'),(815,12,'Thursday','13:00:00','14:30:00','available'),(816,12,'Thursday','14:30:00','16:00:00','occupied'),(817,12,'Thursday','16:00:00','17:30:00','occupied'),(818,12,'Thursday','17:30:00','19:00:00','available'),(819,12,'Thursday','19:00:00','20:30:00','occupied'),(820,12,'Thursday','20:30:00','21:00:00','occupied'),(821,12,'Friday','07:00:00','08:30:00','occupied'),(822,12,'Friday','08:30:00','10:00:00','occupied'),(823,12,'Friday','10:00:00','11:30:00','occupied'),(824,12,'Friday','11:30:00','13:00:00','available'),(825,12,'Friday','13:00:00','14:30:00','occupied'),(826,12,'Friday','14:30:00','16:00:00','occupied'),(827,12,'Friday','16:00:00','17:30:00','occupied'),(828,12,'Friday','17:30:00','19:00:00','available'),(829,12,'Friday','19:00:00','20:30:00','occupied'),(830,12,'Friday','20:30:00','21:00:00','occupied'),(831,12,'Saturday','07:00:00','08:30:00','occupied'),(832,12,'Saturday','08:30:00','10:00:00','available'),(833,12,'Saturday','10:00:00','11:30:00','occupied'),(834,12,'Saturday','11:30:00','13:00:00','occupied'),(835,12,'Saturday','13:00:00','14:30:00','occupied'),(836,12,'Saturday','14:30:00','16:00:00','available'),(837,12,'Saturday','16:00:00','17:30:00','occupied'),(838,12,'Saturday','17:30:00','19:00:00','occupied'),(839,12,'Saturday','19:00:00','20:30:00','occupied'),(840,12,'Saturday','20:30:00','21:00:00','occupied');
/*!40000 ALTER TABLE `schedules` ENABLE KEYS */;
UNLOCK TABLES;

--
-- Table structure for table `users`
--

DROP TABLE IF EXISTS `users`;
/*!40101 SET @saved_cs_client     = @@character_set_client */;
/*!50503 SET character_set_client = utf8mb4 */;
CREATE TABLE `users` (
  `user_id` int NOT NULL AUTO_INCREMENT,
  `username` varchar(50) NOT NULL,
  `email` varchar(100) NOT NULL,
  `password_hash` varchar(255) NOT NULL,
  PRIMARY KEY (`user_id`),
  UNIQUE KEY `username` (`username`),
  UNIQUE KEY `email` (`email`)
) ENGINE=InnoDB AUTO_INCREMENT=3 DEFAULT CHARSET=utf8mb4 COLLATE=utf8mb4_0900_ai_ci;
/*!40101 SET character_set_client = @saved_cs_client */;

--
-- Dumping data for table `users`
--

LOCK TABLES `users` WRITE;
/*!40000 ALTER TABLE `users` DISABLE KEYS */;
INSERT INTO `users` VALUES (1,'Professor','pfdelacruz2021@plm.edu.ph','hashed_password_1'),(2,'Student','stdelacruz2021@plm.edu.ph','hashed_password_2');
/*!40000 ALTER TABLE `users` ENABLE KEYS */;
UNLOCK TABLES;

--
-- Dumping events for database 'schedule'
--

--
-- Dumping routines for database 'schedule'
--
/*!40103 SET TIME_ZONE=@OLD_TIME_ZONE */;

/*!40101 SET SQL_MODE=@OLD_SQL_MODE */;
/*!40014 SET FOREIGN_KEY_CHECKS=@OLD_FOREIGN_KEY_CHECKS */;
/*!40014 SET UNIQUE_CHECKS=@OLD_UNIQUE_CHECKS */;
/*!40101 SET CHARACTER_SET_CLIENT=@OLD_CHARACTER_SET_CLIENT */;
/*!40101 SET CHARACTER_SET_RESULTS=@OLD_CHARACTER_SET_RESULTS */;
/*!40101 SET COLLATION_CONNECTION=@OLD_COLLATION_CONNECTION */;
/*!40111 SET SQL_NOTES=@OLD_SQL_NOTES */;

-- Dump completed on 2024-06-25 23:17:05
