-- phpMyAdmin SQL Dump
-- version 5.2.1
-- https://www.phpmyadmin.net/
--
-- Host: localhost
-- Generation Time: Jul 06, 2024 at 11:11 AM
-- Server version: 10.4.28-MariaDB
-- PHP Version: 8.2.4

SET SQL_MODE = "NO_AUTO_VALUE_ON_ZERO";
START TRANSACTION;
SET time_zone = "+00:00";


/*!40101 SET @OLD_CHARACTER_SET_CLIENT=@@CHARACTER_SET_CLIENT */;
/*!40101 SET @OLD_CHARACTER_SET_RESULTS=@@CHARACTER_SET_RESULTS */;
/*!40101 SET @OLD_COLLATION_CONNECTION=@@COLLATION_CONNECTION */;
/*!40101 SET NAMES utf8mb4 */;

--
-- Database: `webnav_db`
--

-- --------------------------------------------------------

--
-- Table structure for table `chat_history`
--

CREATE TABLE `chat_history` (
  `id` int(11) NOT NULL,
  `room_id` int(11) DEFAULT NULL,
  `user_id` int(11) DEFAULT NULL,
  `username` varchar(255) DEFAULT NULL,
  `message` text DEFAULT NULL,
  `timestamp` timestamp NULL DEFAULT current_timestamp()
) ENGINE=InnoDB DEFAULT CHARSET=utf8mb4 COLLATE=utf8mb4_unicode_ci;

--
-- Dumping data for table `chat_history`
--

INSERT INTO `chat_history` (`id`, `room_id`, `user_id`, `username`, `message`, `timestamp`) VALUES
(1, NULL, NULL, NULL, 'test 01', '2024-07-01 16:10:16'),
(2, NULL, NULL, NULL, 'Test 11', '2024-07-06 02:34:42');

-- --------------------------------------------------------

--
-- Table structure for table `rooms`
--

CREATE TABLE `rooms` (
  `room_id` int(11) NOT NULL,
  `building` varchar(50) NOT NULL,
  `floor_number` int(11) NOT NULL,
  `room_number` varchar(10) NOT NULL
) ENGINE=InnoDB DEFAULT CHARSET=utf8mb4 COLLATE=utf8mb4_unicode_ci;

--
-- Dumping data for table `rooms`
--

INSERT INTO `rooms` (`room_id`, `building`, `floor_number`, `room_number`) VALUES
(1, 'Gusaling Villegas', 2, 'GV 204'),
(2, 'Gusaling Villegas', 2, 'GV 205'),
(3, 'Gusaling Villegas', 2, 'GV 206'),
(4, 'Gusaling Villegas', 2, 'GV 207'),
(5, 'Gusaling Villegas', 2, 'GV 208'),
(6, 'Gusaling Villegas', 2, 'GV 209'),
(7, 'Gusaling Villegas', 3, 'GV 304'),
(8, 'Gusaling Villegas', 3, 'GV 305'),
(9, 'Gusaling Villegas', 3, 'GV 306'),
(10, 'Gusaling Villegas', 3, 'GV 307'),
(11, 'Gusaling Villegas', 3, 'GV 308'),
(12, 'Gusaling Villegas', 3, 'GV 309'),
(13, 'Gusaling Corazon Aquino', 2, 'GCA 201'),
(14, 'Gusaling Corazon Aquino', 2, 'GCA 202'),
(15, 'Gusaling Corazon Aquino', 2, 'GCA 203'),
(16, 'Gusaling Corazon Aquino', 2, 'GCA 204'),
(17, 'Gusaling Corazon Aquino', 3, 'GCA 301'),
(18, 'Gusaling Corazon Aquino', 3, 'GCA 302'),
(19, 'Gusaling Corazon Aquino', 3, 'GCA 303'),
(20, 'Gusaling Corazon Aquino', 3, 'GCA 304'),
(21, 'Gusaling Corazon Aquino', 3, 'GCA 305'),
(22, 'Gusaling Corazon Aquino', 3, 'GCA 306'),
(23, 'Gusaling Corazon Aquino', 3, 'GCA 307'),
(24, 'Gusaling Corazon Aquino', 3, 'GCA 308'),
(25, 'Gusaling Corazon Aquino', 3, 'GCA 309'),
(26, 'Gusaling Ejercito Estrada', 2, 'GEE 201'),
(27, 'Gusaling Ejercito Estrada', 2, 'GEE 202'),
(28, 'Gusaling Ejercito Estrada', 2, 'GEE 203'),
(29, 'Gusaling Ejercito Estrada', 2, 'GEE 204'),
(30, 'Gusaling Ejercito Estrada', 2, 'GEE 205'),
(31, 'Gusaling Ejercito Estrada', 2, 'GEE 206'),
(32, 'Gusaling Ejercito Estrada', 3, 'GEE 301'),
(33, 'Gusaling Ejercito Estrada', 3, 'GEE 302'),
(34, 'Gusaling Ejercito Estrada', 3, 'GEE 303'),
(35, 'Gusaling Ejercito Estrada', 3, 'GEE 304'),
(36, 'Gusaling Ejercito Estrada', 3, 'GEE 305'),
(37, 'Gusaling Ejercito Estrada', 3, 'GEE 306');

-- --------------------------------------------------------

--
-- Table structure for table `schedules`
--

CREATE TABLE `schedules` (
  `schedule_id` int(11) NOT NULL,
  `room_id` int(11) NOT NULL,
  `day_of_week` enum('Monday','Tuesday','Wednesday','Thursday','Friday','Saturday') NOT NULL,
  `start_time` time NOT NULL,
  `end_time` time NOT NULL,
  `status` enum('available','occupied') DEFAULT 'available',
  `subject` varchar(50) DEFAULT NULL
) ENGINE=InnoDB DEFAULT CHARSET=utf8mb4 COLLATE=utf8mb4_unicode_ci;

--
-- Dumping data for table `schedules`
--

INSERT INTO `schedules` (`schedule_id`, `room_id`, `day_of_week`, `start_time`, `end_time`, `status`, `subject`) VALUES
(121, 1, 'Monday', '07:00:00', '08:30:00', 'occupied', 'Economics'),
(122, 1, 'Monday', '08:30:00', '10:00:00', 'available', 'none'),
(123, 1, 'Monday', '10:00:00', '11:30:00', 'occupied', 'Business'),
(124, 1, 'Monday', '11:30:00', '13:00:00', 'occupied', 'Engineering'),
(125, 1, 'Monday', '13:00:00', '14:30:00', 'occupied', 'Law'),
(126, 1, 'Monday', '14:30:00', '16:00:00', 'occupied', 'Philosophy'),
(127, 1, 'Monday', '16:00:00', '17:30:00', 'occupied', 'Engineering'),
(128, 1, 'Monday', '17:30:00', '19:00:00', 'occupied', 'Engineering'),
(129, 1, 'Monday', '19:00:00', '20:30:00', 'occupied', 'Chemistry'),
(130, 1, 'Monday', '20:30:00', '21:00:00', 'available', 'none'),
(131, 1, 'Tuesday', '07:00:00', '08:30:00', 'occupied', 'Mathematics'),
(132, 1, 'Tuesday', '08:30:00', '10:00:00', 'occupied', 'Philosophy'),
(133, 1, 'Tuesday', '10:00:00', '11:30:00', 'occupied', 'Literature'),
(134, 1, 'Tuesday', '11:30:00', '13:00:00', 'occupied', 'Economics'),
(135, 1, 'Tuesday', '13:00:00', '14:30:00', 'available', 'none'),
(136, 1, 'Tuesday', '14:30:00', '16:00:00', 'occupied', 'History'),
(137, 1, 'Tuesday', '16:00:00', '17:30:00', 'available', 'none'),
(138, 1, 'Tuesday', '17:30:00', '19:00:00', 'occupied', 'Literature'),
(139, 1, 'Tuesday', '19:00:00', '20:30:00', 'occupied', 'Engineering'),
(140, 1, 'Tuesday', '20:30:00', '21:00:00', 'available', 'none'),
(141, 1, 'Wednesday', '07:00:00', '08:30:00', 'occupied', 'Philosophy'),
(142, 1, 'Wednesday', '08:30:00', '10:00:00', 'available', 'none'),
(143, 1, 'Wednesday', '10:00:00', '11:30:00', 'occupied', 'Political Science'),
(144, 1, 'Wednesday', '11:30:00', '13:00:00', 'occupied', 'Mathematics'),
(145, 1, 'Wednesday', '13:00:00', '14:30:00', 'occupied', 'Law'),
(146, 1, 'Wednesday', '14:30:00', '16:00:00', 'occupied', 'Biology'),
(147, 1, 'Wednesday', '16:00:00', '17:30:00', 'occupied', 'Art'),
(148, 1, 'Wednesday', '17:30:00', '19:00:00', 'occupied', 'Political Science'),
(149, 1, 'Wednesday', '19:00:00', '20:30:00', 'occupied', 'Engineering'),
(150, 1, 'Wednesday', '20:30:00', '21:00:00', 'available', 'none'),
(151, 1, 'Thursday', '07:00:00', '08:30:00', 'occupied', 'English'),
(152, 1, 'Thursday', '08:30:00', '10:00:00', 'occupied', 'Medicine'),
(153, 1, 'Thursday', '10:00:00', '11:30:00', 'occupied', 'Chemistry'),
(154, 1, 'Thursday', '11:30:00', '13:00:00', 'occupied', 'Business'),
(155, 1, 'Thursday', '13:00:00', '14:30:00', 'occupied', 'Economics'),
(156, 1, 'Thursday', '14:30:00', '16:00:00', 'available', 'none'),
(157, 1, 'Thursday', '16:00:00', '17:30:00', 'occupied', 'English'),
(158, 1, 'Thursday', '17:30:00', '19:00:00', 'occupied', 'Art'),
(159, 1, 'Thursday', '19:00:00', '20:30:00', 'occupied', 'Psychology'),
(160, 1, 'Thursday', '20:30:00', '21:00:00', 'available', 'none'),
(161, 1, 'Friday', '07:00:00', '08:30:00', 'occupied', 'Physics'),
(162, 1, 'Friday', '08:30:00', '10:00:00', 'occupied', 'Chemistry'),
(163, 1, 'Friday', '10:00:00', '11:30:00', 'occupied', 'Economics'),
(164, 1, 'Friday', '11:30:00', '13:00:00', 'available', 'none'),
(165, 1, 'Friday', '13:00:00', '14:30:00', 'occupied', 'Philosophy'),
(166, 1, 'Friday', '14:30:00', '16:00:00', 'occupied', 'Chemistry'),
(167, 1, 'Friday', '16:00:00', '17:30:00', 'occupied', 'Philosophy'),
(168, 1, 'Friday', '17:30:00', '19:00:00', 'occupied', 'Physics'),
(169, 1, 'Friday', '19:00:00', '20:30:00', 'occupied', 'English'),
(170, 1, 'Friday', '20:30:00', '21:00:00', 'available', 'none'),
(171, 1, 'Saturday', '07:00:00', '08:30:00', 'occupied', 'Political Science'),
(172, 1, 'Saturday', '08:30:00', '10:00:00', 'occupied', 'Medicine'),
(173, 1, 'Saturday', '10:00:00', '11:30:00', 'occupied', 'History'),
(174, 1, 'Saturday', '11:30:00', '13:00:00', 'occupied', 'Business'),
(175, 1, 'Saturday', '13:00:00', '14:30:00', 'available', 'none'),
(176, 1, 'Saturday', '14:30:00', '16:00:00', 'occupied', 'Sociology'),
(177, 1, 'Saturday', '16:00:00', '17:30:00', 'occupied', 'Business'),
(178, 1, 'Saturday', '17:30:00', '19:00:00', 'occupied', 'Philosophy'),
(179, 1, 'Saturday', '19:00:00', '20:30:00', 'occupied', 'Geography'),
(180, 1, 'Saturday', '20:30:00', '21:00:00', 'available', 'none'),
(181, 2, 'Monday', '07:00:00', '08:30:00', 'available', 'none'),
(182, 2, 'Monday', '08:30:00', '10:00:00', 'occupied', 'Art'),
(183, 2, 'Monday', '10:00:00', '11:30:00', 'occupied', 'Biology'),
(184, 2, 'Monday', '11:30:00', '13:00:00', 'occupied', 'Geography'),
(185, 2, 'Monday', '13:00:00', '14:30:00', 'occupied', 'English'),
(186, 2, 'Monday', '14:30:00', '16:00:00', 'occupied', 'Chemistry'),
(187, 2, 'Monday', '16:00:00', '17:30:00', 'occupied', 'Business'),
(188, 2, 'Monday', '17:30:00', '19:00:00', 'occupied', 'Geography'),
(189, 2, 'Monday', '19:00:00', '20:30:00', 'available', 'none'),
(190, 2, 'Monday', '20:30:00', '21:00:00', 'available', 'none'),
(191, 2, 'Tuesday', '07:00:00', '08:30:00', 'occupied', 'Mathematics'),
(192, 2, 'Tuesday', '08:30:00', '10:00:00', 'occupied', 'Business'),
(193, 2, 'Tuesday', '10:00:00', '11:30:00', 'available', 'none'),
(194, 2, 'Tuesday', '11:30:00', '13:00:00', 'occupied', 'Psychology'),
(195, 2, 'Tuesday', '13:00:00', '14:30:00', 'occupied', 'Psychology'),
(196, 2, 'Tuesday', '14:30:00', '16:00:00', 'available', 'none'),
(197, 2, 'Tuesday', '16:00:00', '17:30:00', 'available', 'none'),
(198, 2, 'Tuesday', '17:30:00', '19:00:00', 'occupied', 'Medicine'),
(199, 2, 'Tuesday', '19:00:00', '20:30:00', 'occupied', 'Law'),
(200, 2, 'Tuesday', '20:30:00', '21:00:00', 'occupied', 'Geography'),
(201, 2, 'Wednesday', '07:00:00', '08:30:00', 'occupied', 'Physics'),
(202, 2, 'Wednesday', '08:30:00', '10:00:00', 'occupied', 'Biology'),
(203, 2, 'Wednesday', '10:00:00', '11:30:00', 'occupied', 'Psychology'),
(204, 2, 'Wednesday', '11:30:00', '13:00:00', 'available', 'none'),
(205, 2, 'Wednesday', '13:00:00', '14:30:00', 'occupied', 'Biology'),
(206, 2, 'Wednesday', '14:30:00', '16:00:00', 'occupied', 'Medicine'),
(207, 2, 'Wednesday', '16:00:00', '17:30:00', 'occupied', 'Literature'),
(208, 2, 'Wednesday', '17:30:00', '19:00:00', 'occupied', 'Psychology'),
(209, 2, 'Wednesday', '19:00:00', '20:30:00', 'occupied', 'Political Science'),
(210, 2, 'Wednesday', '20:30:00', '21:00:00', 'occupied', 'Mathematics'),
(211, 2, 'Thursday', '07:00:00', '08:30:00', 'available', 'none'),
(212, 2, 'Thursday', '08:30:00', '10:00:00', 'occupied', 'Computer Science'),
(213, 2, 'Thursday', '10:00:00', '11:30:00', 'occupied', 'Economics'),
(214, 2, 'Thursday', '11:30:00', '13:00:00', 'occupied', 'Philosophy'),
(215, 2, 'Thursday', '13:00:00', '14:30:00', 'occupied', 'Mathematics'),
(216, 2, 'Thursday', '14:30:00', '16:00:00', 'occupied', 'Mathematics'),
(217, 2, 'Thursday', '16:00:00', '17:30:00', 'available', 'none'),
(218, 2, 'Thursday', '17:30:00', '19:00:00', 'occupied', 'English'),
(219, 2, 'Thursday', '19:00:00', '20:30:00', 'occupied', 'Mathematics'),
(220, 2, 'Thursday', '20:30:00', '21:00:00', 'available', 'none'),
(221, 2, 'Friday', '07:00:00', '08:30:00', 'occupied', 'Geography'),
(222, 2, 'Friday', '08:30:00', '10:00:00', 'occupied', 'Art'),
(223, 2, 'Friday', '10:00:00', '11:30:00', 'occupied', 'Literature'),
(224, 2, 'Friday', '11:30:00', '13:00:00', 'available', 'none'),
(225, 2, 'Friday', '13:00:00', '14:30:00', 'available', 'none'),
(226, 2, 'Friday', '14:30:00', '16:00:00', 'occupied', 'Law'),
(227, 2, 'Friday', '16:00:00', '17:30:00', 'occupied', 'History'),
(228, 2, 'Friday', '17:30:00', '19:00:00', 'occupied', 'Art'),
(229, 2, 'Friday', '19:00:00', '20:30:00', 'available', 'none'),
(230, 2, 'Friday', '20:30:00', '21:00:00', 'occupied', 'History'),
(231, 2, 'Saturday', '07:00:00', '08:30:00', 'occupied', 'Physics'),
(232, 2, 'Saturday', '08:30:00', '10:00:00', 'occupied', 'Literature'),
(233, 2, 'Saturday', '10:00:00', '11:30:00', 'occupied', 'Biology'),
(234, 2, 'Saturday', '11:30:00', '13:00:00', 'occupied', 'Chemistry'),
(235, 2, 'Saturday', '13:00:00', '14:30:00', 'available', 'none'),
(236, 2, 'Saturday', '14:30:00', '16:00:00', 'occupied', 'Physics'),
(237, 2, 'Saturday', '16:00:00', '17:30:00', 'occupied', 'Physics'),
(238, 2, 'Saturday', '17:30:00', '19:00:00', 'available', 'none'),
(239, 2, 'Saturday', '19:00:00', '20:30:00', 'available', 'none'),
(240, 2, 'Saturday', '20:30:00', '21:00:00', 'available', 'none'),
(241, 3, 'Monday', '07:00:00', '08:30:00', 'occupied', 'Mathematics'),
(242, 3, 'Monday', '08:30:00', '10:00:00', 'available', 'none'),
(243, 3, 'Monday', '10:00:00', '11:30:00', 'occupied', 'Art'),
(244, 3, 'Monday', '11:30:00', '13:00:00', 'occupied', 'Geography'),
(245, 3, 'Monday', '13:00:00', '14:30:00', 'occupied', 'English'),
(246, 3, 'Monday', '14:30:00', '16:00:00', 'occupied', 'Business'),
(247, 3, 'Monday', '16:00:00', '17:30:00', 'occupied', 'Biology'),
(248, 3, 'Monday', '17:30:00', '19:00:00', 'available', 'none'),
(249, 3, 'Monday', '19:00:00', '20:30:00', 'occupied', 'Mathematics'),
(250, 3, 'Monday', '20:30:00', '21:00:00', 'available', 'none'),
(251, 3, 'Tuesday', '07:00:00', '08:30:00', 'occupied', 'Engineering'),
(252, 3, 'Tuesday', '08:30:00', '10:00:00', 'occupied', 'Computer Science'),
(253, 3, 'Tuesday', '10:00:00', '11:30:00', 'available', 'none'),
(254, 3, 'Tuesday', '11:30:00', '13:00:00', 'occupied', 'Music'),
(255, 3, 'Tuesday', '13:00:00', '14:30:00', 'occupied', 'Chemistry'),
(256, 3, 'Tuesday', '14:30:00', '16:00:00', 'occupied', 'Music'),
(257, 3, 'Tuesday', '16:00:00', '17:30:00', 'occupied', 'Biology'),
(258, 3, 'Tuesday', '17:30:00', '19:00:00', 'occupied', 'English'),
(259, 3, 'Tuesday', '19:00:00', '20:30:00', 'available', 'none'),
(260, 3, 'Tuesday', '20:30:00', '21:00:00', 'occupied', 'Computer Science'),
(261, 3, 'Wednesday', '07:00:00', '08:30:00', 'occupied', 'Philosophy'),
(262, 3, 'Wednesday', '08:30:00', '10:00:00', 'available', 'none'),
(263, 3, 'Wednesday', '10:00:00', '11:30:00', 'occupied', 'Physics'),
(264, 3, 'Wednesday', '11:30:00', '13:00:00', 'occupied', 'Literature'),
(265, 3, 'Wednesday', '13:00:00', '14:30:00', 'occupied', 'English'),
(266, 3, 'Wednesday', '14:30:00', '16:00:00', 'occupied', 'Biology'),
(267, 3, 'Wednesday', '16:00:00', '17:30:00', 'occupied', 'Geography'),
(268, 3, 'Wednesday', '17:30:00', '19:00:00', 'available', 'none'),
(269, 3, 'Wednesday', '19:00:00', '20:30:00', 'occupied', 'Biology'),
(270, 3, 'Wednesday', '20:30:00', '21:00:00', 'occupied', 'Political Science'),
(271, 3, 'Thursday', '07:00:00', '08:30:00', 'occupied', 'Law'),
(272, 3, 'Thursday', '08:30:00', '10:00:00', 'occupied', 'Medicine'),
(273, 3, 'Thursday', '10:00:00', '11:30:00', 'available', 'none'),
(274, 3, 'Thursday', '11:30:00', '13:00:00', 'occupied', 'Physics'),
(275, 3, 'Thursday', '13:00:00', '14:30:00', 'occupied', 'Law'),
(276, 3, 'Thursday', '14:30:00', '16:00:00', 'occupied', 'Political Science'),
(277, 3, 'Thursday', '16:00:00', '17:30:00', 'occupied', 'Literature'),
(278, 3, 'Thursday', '17:30:00', '19:00:00', 'available', 'none'),
(279, 3, 'Thursday', '19:00:00', '20:30:00', 'occupied', 'Business'),
(280, 3, 'Thursday', '20:30:00', '21:00:00', 'occupied', 'Business'),
(281, 3, 'Friday', '07:00:00', '08:30:00', 'occupied', 'Music'),
(282, 3, 'Friday', '08:30:00', '10:00:00', 'occupied', 'Psychology'),
(283, 3, 'Friday', '10:00:00', '11:30:00', 'available', 'none'),
(284, 3, 'Friday', '11:30:00', '13:00:00', 'occupied', 'Sociology'),
(285, 3, 'Friday', '13:00:00', '14:30:00', 'occupied', 'Psychology'),
(286, 3, 'Friday', '14:30:00', '16:00:00', 'occupied', 'English'),
(287, 3, 'Friday', '16:00:00', '17:30:00', 'available', 'none'),
(288, 3, 'Friday', '17:30:00', '19:00:00', 'occupied', 'Mathematics'),
(289, 3, 'Friday', '19:00:00', '20:30:00', 'occupied', 'Economics'),
(290, 3, 'Friday', '20:30:00', '21:00:00', 'occupied', 'Biology'),
(291, 3, 'Saturday', '07:00:00', '08:30:00', 'occupied', 'Computer Science'),
(292, 3, 'Saturday', '08:30:00', '10:00:00', 'occupied', 'Art'),
(293, 3, 'Saturday', '10:00:00', '11:30:00', 'available', 'none'),
(294, 3, 'Saturday', '11:30:00', '13:00:00', 'occupied', 'Mathematics'),
(295, 3, 'Saturday', '13:00:00', '14:30:00', 'occupied', 'Economics'),
(296, 3, 'Saturday', '14:30:00', '16:00:00', 'occupied', 'Chemistry'),
(297, 3, 'Saturday', '16:00:00', '17:30:00', 'occupied', 'Geography'),
(298, 3, 'Saturday', '17:30:00', '19:00:00', 'available', 'none'),
(299, 3, 'Saturday', '19:00:00', '20:30:00', 'occupied', 'Computer Science'),
(300, 3, 'Saturday', '20:30:00', '21:00:00', 'occupied', 'History'),
(301, 4, 'Monday', '07:00:00', '08:30:00', 'occupied', 'English'),
(302, 4, 'Monday', '08:30:00', '10:00:00', 'available', 'none'),
(303, 4, 'Monday', '10:00:00', '11:30:00', 'occupied', 'Mathematics'),
(304, 4, 'Monday', '11:30:00', '13:00:00', 'occupied', 'Economics'),
(305, 4, 'Monday', '13:00:00', '14:30:00', 'occupied', 'Physics'),
(306, 4, 'Monday', '14:30:00', '16:00:00', 'occupied', 'Biology'),
(307, 4, 'Monday', '16:00:00', '17:30:00', 'occupied', 'Philosophy'),
(308, 4, 'Monday', '17:30:00', '19:00:00', 'occupied', 'Psychology'),
(309, 4, 'Monday', '19:00:00', '20:30:00', 'available', 'none'),
(310, 4, 'Monday', '20:30:00', '21:00:00', 'occupied', 'Law'),
(311, 4, 'Tuesday', '07:00:00', '08:30:00', 'occupied', 'Art'),
(312, 4, 'Tuesday', '08:30:00', '10:00:00', 'occupied', 'Law'),
(313, 4, 'Tuesday', '10:00:00', '11:30:00', 'occupied', 'Engineering'),
(314, 4, 'Tuesday', '11:30:00', '13:00:00', 'occupied', 'Psychology'),
(315, 4, 'Tuesday', '13:00:00', '14:30:00', 'available', 'none'),
(316, 4, 'Tuesday', '14:30:00', '16:00:00', 'occupied', 'Business'),
(317, 4, 'Tuesday', '16:00:00', '17:30:00', 'occupied', 'Political Science'),
(318, 4, 'Tuesday', '17:30:00', '19:00:00', 'available', 'none'),
(319, 4, 'Tuesday', '19:00:00', '20:30:00', 'occupied', 'Chemistry'),
(320, 4, 'Tuesday', '20:30:00', '21:00:00', 'occupied', 'English'),
(321, 4, 'Wednesday', '07:00:00', '08:30:00', 'occupied', 'Sociology'),
(322, 4, 'Wednesday', '08:30:00', '10:00:00', 'occupied', 'English'),
(323, 4, 'Wednesday', '10:00:00', '11:30:00', 'available', 'none'),
(324, 4, 'Wednesday', '11:30:00', '13:00:00', 'occupied', 'Psychology'),
(325, 4, 'Wednesday', '13:00:00', '14:30:00', 'occupied', 'Business'),
(326, 4, 'Wednesday', '14:30:00', '16:00:00', 'occupied', 'Psychology'),
(327, 4, 'Wednesday', '16:00:00', '17:30:00', 'available', 'none'),
(328, 4, 'Wednesday', '17:30:00', '19:00:00', 'occupied', 'Law'),
(329, 4, 'Wednesday', '19:00:00', '20:30:00', 'occupied', 'Mathematics'),
(330, 4, 'Wednesday', '20:30:00', '21:00:00', 'occupied', 'Literature'),
(331, 4, 'Thursday', '07:00:00', '08:30:00', 'occupied', 'Literature'),
(332, 4, 'Thursday', '08:30:00', '10:00:00', 'available', 'none'),
(333, 4, 'Thursday', '10:00:00', '11:30:00', 'occupied', 'Computer Science'),
(334, 4, 'Thursday', '11:30:00', '13:00:00', 'occupied', 'Engineering'),
(335, 4, 'Thursday', '13:00:00', '14:30:00', 'occupied', 'Chemistry'),
(336, 4, 'Thursday', '14:30:00', '16:00:00', 'occupied', 'English'),
(337, 4, 'Thursday', '16:00:00', '17:30:00', 'occupied', 'Psychology'),
(338, 4, 'Thursday', '17:30:00', '19:00:00', 'available', 'none'),
(339, 4, 'Thursday', '19:00:00', '20:30:00', 'occupied', 'Music'),
(340, 4, 'Thursday', '20:30:00', '21:00:00', 'occupied', 'Engineering'),
(341, 4, 'Friday', '07:00:00', '08:30:00', 'occupied', 'Art'),
(342, 4, 'Friday', '08:30:00', '10:00:00', 'occupied', 'Philosophy'),
(343, 4, 'Friday', '10:00:00', '11:30:00', 'occupied', 'Sociology'),
(344, 4, 'Friday', '11:30:00', '13:00:00', 'available', 'none'),
(345, 4, 'Friday', '13:00:00', '14:30:00', 'occupied', 'Art'),
(346, 4, 'Friday', '14:30:00', '16:00:00', 'occupied', 'Music'),
(347, 4, 'Friday', '16:00:00', '17:30:00', 'occupied', 'Biology'),
(348, 4, 'Friday', '17:30:00', '19:00:00', 'available', 'none'),
(349, 4, 'Friday', '19:00:00', '20:30:00', 'occupied', 'Physics'),
(350, 4, 'Friday', '20:30:00', '21:00:00', 'occupied', 'Political Science'),
(351, 4, 'Saturday', '07:00:00', '08:30:00', 'occupied', 'Business'),
(352, 4, 'Saturday', '08:30:00', '10:00:00', 'available', 'none'),
(353, 4, 'Saturday', '10:00:00', '11:30:00', 'occupied', 'History'),
(354, 4, 'Saturday', '11:30:00', '13:00:00', 'occupied', 'Law'),
(355, 4, 'Saturday', '13:00:00', '14:30:00', 'occupied', 'Chemistry'),
(356, 4, 'Saturday', '14:30:00', '16:00:00', 'occupied', 'Art'),
(357, 4, 'Saturday', '16:00:00', '17:30:00', 'available', 'none'),
(358, 4, 'Saturday', '17:30:00', '19:00:00', 'occupied', 'Mathematics'),
(359, 4, 'Saturday', '19:00:00', '20:30:00', 'occupied', 'Geography'),
(360, 4, 'Saturday', '20:30:00', '21:00:00', 'occupied', 'Music'),
(361, 5, 'Monday', '07:00:00', '08:30:00', 'occupied', 'Geography'),
(362, 5, 'Monday', '08:30:00', '10:00:00', 'occupied', 'Chemistry'),
(363, 5, 'Monday', '10:00:00', '11:30:00', 'occupied', 'Economics'),
(364, 5, 'Monday', '11:30:00', '13:00:00', 'occupied', 'Sociology'),
(365, 5, 'Monday', '13:00:00', '14:30:00', 'occupied', 'Law'),
(366, 5, 'Monday', '14:30:00', '16:00:00', 'available', 'none'),
(367, 5, 'Monday', '16:00:00', '17:30:00', 'occupied', 'Sociology'),
(368, 5, 'Monday', '17:30:00', '19:00:00', 'occupied', 'Music'),
(369, 5, 'Monday', '19:00:00', '20:30:00', 'occupied', 'Geography'),
(370, 5, 'Monday', '20:30:00', '21:00:00', 'available', 'none'),
(371, 5, 'Tuesday', '07:00:00', '08:30:00', 'occupied', 'Physics'),
(372, 5, 'Tuesday', '08:30:00', '10:00:00', 'available', 'none'),
(373, 5, 'Tuesday', '10:00:00', '11:30:00', 'occupied', 'History'),
(374, 5, 'Tuesday', '11:30:00', '13:00:00', 'occupied', 'Economics'),
(375, 5, 'Tuesday', '13:00:00', '14:30:00', 'occupied', 'English'),
(376, 5, 'Tuesday', '14:30:00', '16:00:00', 'occupied', 'Philosophy'),
(377, 5, 'Tuesday', '16:00:00', '17:30:00', 'occupied', 'Psychology'),
(378, 5, 'Tuesday', '17:30:00', '19:00:00', 'available', 'none'),
(379, 5, 'Tuesday', '19:00:00', '20:30:00', 'occupied', 'Philosophy'),
(380, 5, 'Tuesday', '20:30:00', '21:00:00', 'occupied', 'Literature'),
(381, 5, 'Wednesday', '07:00:00', '08:30:00', 'occupied', 'Biology'),
(382, 5, 'Wednesday', '08:30:00', '10:00:00', 'occupied', 'Chemistry'),
(383, 5, 'Wednesday', '10:00:00', '11:30:00', 'available', 'none'),
(384, 5, 'Wednesday', '11:30:00', '13:00:00', 'occupied', 'Business'),
(385, 5, 'Wednesday', '13:00:00', '14:30:00', 'occupied', 'Philosophy'),
(386, 5, 'Wednesday', '14:30:00', '16:00:00', 'occupied', 'Computer Science'),
(387, 5, 'Wednesday', '16:00:00', '17:30:00', 'available', 'none'),
(388, 5, 'Wednesday', '17:30:00', '19:00:00', 'occupied', 'English'),
(389, 5, 'Wednesday', '19:00:00', '20:30:00', 'occupied', 'Psychology'),
(390, 5, 'Wednesday', '20:30:00', '21:00:00', 'occupied', 'Art'),
(391, 5, 'Thursday', '07:00:00', '08:30:00', 'occupied', 'Geography'),
(392, 5, 'Thursday', '08:30:00', '10:00:00', 'available', 'none'),
(393, 5, 'Thursday', '10:00:00', '11:30:00', 'occupied', 'Chemistry'),
(394, 5, 'Thursday', '11:30:00', '13:00:00', 'occupied', 'Computer Science'),
(395, 5, 'Thursday', '13:00:00', '14:30:00', 'occupied', 'Mathematics'),
(396, 5, 'Thursday', '14:30:00', '16:00:00', 'occupied', 'Philosophy'),
(397, 5, 'Thursday', '16:00:00', '17:30:00', 'occupied', 'History'),
(398, 5, 'Thursday', '17:30:00', '19:00:00', 'available', 'none'),
(399, 5, 'Thursday', '19:00:00', '20:30:00', 'occupied', 'Psychology'),
(400, 5, 'Thursday', '20:30:00', '21:00:00', 'occupied', 'Computer Science'),
(401, 5, 'Friday', '07:00:00', '08:30:00', 'occupied', 'English'),
(402, 5, 'Friday', '08:30:00', '10:00:00', 'available', 'none'),
(403, 5, 'Friday', '10:00:00', '11:30:00', 'occupied', 'Political Science'),
(404, 5, 'Friday', '11:30:00', '13:00:00', 'occupied', 'History'),
(405, 5, 'Friday', '13:00:00', '14:30:00', 'occupied', 'Biology'),
(406, 5, 'Friday', '14:30:00', '16:00:00', 'occupied', 'Art'),
(407, 5, 'Friday', '16:00:00', '17:30:00', 'occupied', 'Music'),
(408, 5, 'Friday', '17:30:00', '19:00:00', 'available', 'none'),
(409, 5, 'Friday', '19:00:00', '20:30:00', 'occupied', 'Mathematics'),
(410, 5, 'Friday', '20:30:00', '21:00:00', 'occupied', 'English'),
(411, 5, 'Saturday', '07:00:00', '08:30:00', 'occupied', 'Mathematics'),
(412, 5, 'Saturday', '08:30:00', '10:00:00', 'available', 'none'),
(413, 5, 'Saturday', '10:00:00', '11:30:00', 'occupied', 'Computer Science'),
(414, 5, 'Saturday', '11:30:00', '13:00:00', 'occupied', 'Literature'),
(415, 5, 'Saturday', '13:00:00', '14:30:00', 'occupied', 'Music'),
(416, 5, 'Saturday', '14:30:00', '16:00:00', 'occupied', 'Music'),
(417, 5, 'Saturday', '16:00:00', '17:30:00', 'occupied', 'Art'),
(418, 5, 'Saturday', '17:30:00', '19:00:00', 'available', 'none'),
(419, 5, 'Saturday', '19:00:00', '20:30:00', 'occupied', 'Computer Science'),
(420, 5, 'Saturday', '20:30:00', '21:00:00', 'occupied', 'Art'),
(421, 6, 'Monday', '07:00:00', '08:30:00', 'occupied', 'Business'),
(422, 6, 'Monday', '08:30:00', '10:00:00', 'occupied', 'Literature'),
(423, 6, 'Monday', '10:00:00', '11:30:00', 'available', 'none'),
(424, 6, 'Monday', '11:30:00', '13:00:00', 'occupied', 'Computer Science'),
(425, 6, 'Monday', '13:00:00', '14:30:00', 'occupied', 'Computer Science'),
(426, 6, 'Monday', '14:30:00', '16:00:00', 'occupied', 'Physics'),
(427, 6, 'Monday', '16:00:00', '17:30:00', 'available', 'none'),
(428, 6, 'Monday', '17:30:00', '19:00:00', 'occupied', 'Political Science'),
(429, 6, 'Monday', '19:00:00', '20:30:00', 'occupied', 'Music'),
(430, 6, 'Monday', '20:30:00', '21:00:00', 'available', 'none'),
(431, 6, 'Tuesday', '07:00:00', '08:30:00', 'occupied', 'Chemistry'),
(432, 6, 'Tuesday', '08:30:00', '10:00:00', 'occupied', 'Sociology'),
(433, 6, 'Tuesday', '10:00:00', '11:30:00', 'available', 'none'),
(434, 6, 'Tuesday', '11:30:00', '13:00:00', 'occupied', 'Engineering'),
(435, 6, 'Tuesday', '13:00:00', '14:30:00', 'occupied', 'Economics'),
(436, 6, 'Tuesday', '14:30:00', '16:00:00', 'occupied', 'Economics'),
(437, 6, 'Tuesday', '16:00:00', '17:30:00', 'available', 'none'),
(438, 6, 'Tuesday', '17:30:00', '19:00:00', 'occupied', 'Art'),
(439, 6, 'Tuesday', '19:00:00', '20:30:00', 'occupied', 'Chemistry'),
(440, 6, 'Tuesday', '20:30:00', '21:00:00', 'occupied', 'Business'),
(441, 6, 'Wednesday', '07:00:00', '08:30:00', 'occupied', 'Medicine'),
(442, 6, 'Wednesday', '08:30:00', '10:00:00', 'available', 'none'),
(443, 6, 'Wednesday', '10:00:00', '11:30:00', 'occupied', 'Business'),
(444, 6, 'Wednesday', '11:30:00', '13:00:00', 'occupied', 'Biology'),
(445, 6, 'Wednesday', '13:00:00', '14:30:00', 'occupied', 'Art'),
(446, 6, 'Wednesday', '14:30:00', '16:00:00', 'occupied', 'Political Science'),
(447, 6, 'Wednesday', '16:00:00', '17:30:00', 'occupied', 'Medicine'),
(448, 6, 'Wednesday', '17:30:00', '19:00:00', 'occupied', 'History'),
(449, 6, 'Wednesday', '19:00:00', '20:30:00', 'available', 'none'),
(450, 6, 'Wednesday', '20:30:00', '21:00:00', 'occupied', 'Art'),
(451, 6, 'Thursday', '07:00:00', '08:30:00', 'occupied', 'Economics'),
(452, 6, 'Thursday', '08:30:00', '10:00:00', 'occupied', 'Medicine'),
(453, 6, 'Thursday', '10:00:00', '11:30:00', 'available', 'none'),
(454, 6, 'Thursday', '11:30:00', '13:00:00', 'occupied', 'Law'),
(455, 6, 'Thursday', '13:00:00', '14:30:00', 'occupied', 'Literature'),
(456, 6, 'Thursday', '14:30:00', '16:00:00', 'occupied', 'Medicine'),
(457, 6, 'Thursday', '16:00:00', '17:30:00', 'available', 'none'),
(458, 6, 'Thursday', '17:30:00', '19:00:00', 'occupied', 'Physics'),
(459, 6, 'Thursday', '19:00:00', '20:30:00', 'occupied', 'Engineering'),
(460, 6, 'Thursday', '20:30:00', '21:00:00', 'occupied', 'Computer Science'),
(461, 6, 'Friday', '07:00:00', '08:30:00', 'occupied', 'Psychology'),
(462, 6, 'Friday', '08:30:00', '10:00:00', 'occupied', 'History'),
(463, 6, 'Friday', '10:00:00', '11:30:00', 'available', 'none'),
(464, 6, 'Friday', '11:30:00', '13:00:00', 'occupied', 'History'),
(465, 6, 'Friday', '13:00:00', '14:30:00', 'occupied', 'Law'),
(466, 6, 'Friday', '14:30:00', '16:00:00', 'occupied', 'English'),
(467, 6, 'Friday', '16:00:00', '17:30:00', 'available', 'none'),
(468, 6, 'Friday', '17:30:00', '19:00:00', 'occupied', 'Biology'),
(469, 6, 'Friday', '19:00:00', '20:30:00', 'occupied', 'English'),
(470, 6, 'Friday', '20:30:00', '21:00:00', 'occupied', 'Psychology'),
(471, 6, 'Saturday', '07:00:00', '08:30:00', 'occupied', 'Political Science'),
(472, 6, 'Saturday', '08:30:00', '10:00:00', 'occupied', 'Mathematics'),
(473, 6, 'Saturday', '10:00:00', '11:30:00', 'available', 'none'),
(474, 6, 'Saturday', '11:30:00', '13:00:00', 'occupied', 'Psychology'),
(475, 6, 'Saturday', '13:00:00', '14:30:00', 'occupied', 'Economics'),
(476, 6, 'Saturday', '14:30:00', '16:00:00', 'occupied', 'Business'),
(477, 6, 'Saturday', '16:00:00', '17:30:00', 'occupied', 'Medicine'),
(478, 6, 'Saturday', '17:30:00', '19:00:00', 'available', 'none'),
(479, 6, 'Saturday', '19:00:00', '20:30:00', 'occupied', 'Music'),
(480, 6, 'Saturday', '20:30:00', '21:00:00', 'occupied', 'Art'),
(481, 7, 'Monday', '07:00:00', '08:30:00', 'occupied', 'Psychology'),
(482, 7, 'Monday', '08:30:00', '10:00:00', 'available', 'none'),
(483, 7, 'Monday', '10:00:00', '11:30:00', 'occupied', 'Art'),
(484, 7, 'Monday', '11:30:00', '13:00:00', 'occupied', 'Literature'),
(485, 7, 'Monday', '13:00:00', '14:30:00', 'available', 'none'),
(486, 7, 'Monday', '14:30:00', '16:00:00', 'occupied', 'Psychology'),
(487, 7, 'Monday', '16:00:00', '17:30:00', 'occupied', 'Music'),
(488, 7, 'Monday', '17:30:00', '19:00:00', 'occupied', 'Literature'),
(489, 7, 'Monday', '19:00:00', '20:30:00', 'occupied', 'Sociology'),
(490, 7, 'Monday', '20:30:00', '21:00:00', 'available', 'none'),
(491, 7, 'Tuesday', '07:00:00', '08:30:00', 'occupied', 'Art'),
(492, 7, 'Tuesday', '08:30:00', '10:00:00', 'occupied', 'Chemistry'),
(493, 7, 'Tuesday', '10:00:00', '11:30:00', 'available', 'none'),
(494, 7, 'Tuesday', '11:30:00', '13:00:00', 'occupied', 'Business'),
(495, 7, 'Tuesday', '13:00:00', '14:30:00', 'occupied', 'Law'),
(496, 7, 'Tuesday', '14:30:00', '16:00:00', 'occupied', 'Mathematics'),
(497, 7, 'Tuesday', '16:00:00', '17:30:00', 'occupied', 'Geography'),
(498, 7, 'Tuesday', '17:30:00', '19:00:00', 'occupied', 'Art'),
(499, 7, 'Tuesday', '19:00:00', '20:30:00', 'available', 'none'),
(500, 7, 'Tuesday', '20:30:00', '21:00:00', 'occupied', 'Chemistry'),
(501, 7, 'Wednesday', '07:00:00', '08:30:00', 'available', 'none'),
(502, 7, 'Wednesday', '08:30:00', '10:00:00', 'occupied', 'Mathematics'),
(503, 7, 'Wednesday', '10:00:00', '11:30:00', 'occupied', 'Political Science'),
(504, 7, 'Wednesday', '11:30:00', '13:00:00', 'occupied', 'Music'),
(505, 7, 'Wednesday', '13:00:00', '14:30:00', 'occupied', 'Chemistry'),
(506, 7, 'Wednesday', '14:30:00', '16:00:00', 'occupied', 'Music'),
(507, 7, 'Wednesday', '16:00:00', '17:30:00', 'occupied', 'Chemistry'),
(508, 7, 'Wednesday', '17:30:00', '19:00:00', 'available', 'none'),
(509, 7, 'Wednesday', '19:00:00', '20:30:00', 'occupied', 'Business'),
(510, 7, 'Wednesday', '20:30:00', '21:00:00', 'occupied', 'Geography'),
(511, 7, 'Thursday', '07:00:00', '08:30:00', 'occupied', 'Physics'),
(512, 7, 'Thursday', '08:30:00', '10:00:00', 'occupied', 'Biology'),
(513, 7, 'Thursday', '10:00:00', '11:30:00', 'occupied', 'Psychology'),
(514, 7, 'Thursday', '11:30:00', '13:00:00', 'available', 'none'),
(515, 7, 'Thursday', '13:00:00', '14:30:00', 'occupied', 'Physics'),
(516, 7, 'Thursday', '14:30:00', '16:00:00', 'occupied', 'English'),
(517, 7, 'Thursday', '16:00:00', '17:30:00', 'occupied', 'Political Science'),
(518, 7, 'Thursday', '17:30:00', '19:00:00', 'available', 'none'),
(519, 7, 'Thursday', '19:00:00', '20:30:00', 'occupied', 'Medicine'),
(520, 7, 'Thursday', '20:30:00', '21:00:00', 'occupied', 'Geography'),
(521, 7, 'Friday', '07:00:00', '08:30:00', 'occupied', 'Mathematics'),
(522, 7, 'Friday', '08:30:00', '10:00:00', 'available', 'none'),
(523, 7, 'Friday', '10:00:00', '11:30:00', 'occupied', 'Chemistry'),
(524, 7, 'Friday', '11:30:00', '13:00:00', 'occupied', 'Engineering'),
(525, 7, 'Friday', '13:00:00', '14:30:00', 'occupied', 'Chemistry'),
(526, 7, 'Friday', '14:30:00', '16:00:00', 'available', 'none'),
(527, 7, 'Friday', '16:00:00', '17:30:00', 'occupied', 'Biology'),
(528, 7, 'Friday', '17:30:00', '19:00:00', 'occupied', 'Medicine'),
(529, 7, 'Friday', '19:00:00', '20:30:00', 'occupied', 'English'),
(530, 7, 'Friday', '20:30:00', '21:00:00', 'available', 'none'),
(531, 7, 'Saturday', '07:00:00', '08:30:00', 'occupied', 'History'),
(532, 7, 'Saturday', '08:30:00', '10:00:00', 'occupied', 'Chemistry'),
(533, 7, 'Saturday', '10:00:00', '11:30:00', 'occupied', 'Engineering'),
(534, 7, 'Saturday', '11:30:00', '13:00:00', 'available', 'none'),
(535, 7, 'Saturday', '13:00:00', '14:30:00', 'occupied', 'Biology'),
(536, 7, 'Saturday', '14:30:00', '16:00:00', 'occupied', 'Economics'),
(537, 7, 'Saturday', '16:00:00', '17:30:00', 'occupied', 'Engineering'),
(538, 7, 'Saturday', '17:30:00', '19:00:00', 'occupied', 'Geography'),
(539, 7, 'Saturday', '19:00:00', '20:30:00', 'available', 'none'),
(540, 7, 'Saturday', '20:30:00', '21:00:00', 'occupied', 'Literature'),
(541, 8, 'Monday', '07:00:00', '08:30:00', 'occupied', 'Literature'),
(542, 8, 'Monday', '08:30:00', '10:00:00', 'occupied', 'Computer Science'),
(543, 8, 'Monday', '10:00:00', '11:30:00', 'available', 'none'),
(544, 8, 'Monday', '11:30:00', '13:00:00', 'occupied', 'Medicine'),
(545, 8, 'Monday', '13:00:00', '14:30:00', 'occupied', 'Computer Science'),
(546, 8, 'Monday', '14:30:00', '16:00:00', 'occupied', 'Law'),
(547, 8, 'Monday', '16:00:00', '17:30:00', 'available', 'none'),
(548, 8, 'Monday', '17:30:00', '19:00:00', 'occupied', 'Philosophy'),
(549, 8, 'Monday', '19:00:00', '20:30:00', 'occupied', 'Computer Science'),
(550, 8, 'Monday', '20:30:00', '21:00:00', 'occupied', 'History'),
(551, 8, 'Tuesday', '07:00:00', '08:30:00', 'occupied', 'History'),
(552, 8, 'Tuesday', '08:30:00', '10:00:00', 'available', 'none'),
(553, 8, 'Tuesday', '10:00:00', '11:30:00', 'occupied', 'Medicine'),
(554, 8, 'Tuesday', '11:30:00', '13:00:00', 'occupied', 'Art'),
(555, 8, 'Tuesday', '13:00:00', '14:30:00', 'occupied', 'Philosophy'),
(556, 8, 'Tuesday', '14:30:00', '16:00:00', 'occupied', 'Psychology'),
(557, 8, 'Tuesday', '16:00:00', '17:30:00', 'available', 'none'),
(558, 8, 'Tuesday', '17:30:00', '19:00:00', 'occupied', 'Law'),
(559, 8, 'Tuesday', '19:00:00', '20:30:00', 'occupied', 'Mathematics'),
(560, 8, 'Tuesday', '20:30:00', '21:00:00', 'occupied', 'English'),
(561, 8, 'Wednesday', '07:00:00', '08:30:00', 'available', 'none'),
(562, 8, 'Wednesday', '08:30:00', '10:00:00', 'occupied', 'Chemistry'),
(563, 8, 'Wednesday', '10:00:00', '11:30:00', 'occupied', 'Art'),
(564, 8, 'Wednesday', '11:30:00', '13:00:00', 'occupied', 'Music'),
(565, 8, 'Wednesday', '13:00:00', '14:30:00', 'occupied', 'Business'),
(566, 8, 'Wednesday', '14:30:00', '16:00:00', 'occupied', 'Chemistry'),
(567, 8, 'Wednesday', '16:00:00', '17:30:00', 'available', 'none'),
(568, 8, 'Wednesday', '17:30:00', '19:00:00', 'occupied', 'Sociology'),
(569, 8, 'Wednesday', '19:00:00', '20:30:00', 'occupied', 'Medicine'),
(570, 8, 'Wednesday', '20:30:00', '21:00:00', 'occupied', 'Economics'),
(571, 8, 'Thursday', '07:00:00', '08:30:00', 'occupied', 'Computer Science'),
(572, 8, 'Thursday', '08:30:00', '10:00:00', 'available', 'none'),
(573, 8, 'Thursday', '10:00:00', '11:30:00', 'occupied', 'Mathematics'),
(574, 8, 'Thursday', '11:30:00', '13:00:00', 'occupied', 'Law'),
(575, 8, 'Thursday', '13:00:00', '14:30:00', 'occupied', 'Chemistry'),
(576, 8, 'Thursday', '14:30:00', '16:00:00', 'available', 'none'),
(577, 8, 'Thursday', '16:00:00', '17:30:00', 'occupied', 'Sociology'),
(578, 8, 'Thursday', '17:30:00', '19:00:00', 'occupied', 'Engineering'),
(579, 8, 'Thursday', '19:00:00', '20:30:00', 'occupied', 'Geography'),
(580, 8, 'Thursday', '20:30:00', '21:00:00', 'occupied', 'Chemistry'),
(581, 8, 'Friday', '07:00:00', '08:30:00', 'occupied', 'Law'),
(582, 8, 'Friday', '08:30:00', '10:00:00', 'available', 'none'),
(583, 8, 'Friday', '10:00:00', '11:30:00', 'occupied', 'Law'),
(584, 8, 'Friday', '11:30:00', '13:00:00', 'occupied', 'Geography'),
(585, 8, 'Friday', '13:00:00', '14:30:00', 'occupied', 'Business'),
(586, 8, 'Friday', '14:30:00', '16:00:00', 'available', 'none'),
(587, 8, 'Friday', '16:00:00', '17:30:00', 'occupied', 'Philosophy'),
(588, 8, 'Friday', '17:30:00', '19:00:00', 'occupied', 'Medicine'),
(589, 8, 'Friday', '19:00:00', '20:30:00', 'occupied', 'Political Science'),
(590, 8, 'Friday', '20:30:00', '21:00:00', 'available', 'none'),
(591, 8, 'Saturday', '07:00:00', '08:30:00', 'occupied', 'Literature'),
(592, 8, 'Saturday', '08:30:00', '10:00:00', 'available', 'none'),
(593, 8, 'Saturday', '10:00:00', '11:30:00', 'occupied', 'Mathematics'),
(594, 8, 'Saturday', '11:30:00', '13:00:00', 'occupied', 'History'),
(595, 8, 'Saturday', '13:00:00', '14:30:00', 'occupied', 'Medicine'),
(596, 8, 'Saturday', '14:30:00', '16:00:00', 'occupied', 'Art'),
(597, 8, 'Saturday', '16:00:00', '17:30:00', 'available', 'none'),
(598, 8, 'Saturday', '17:30:00', '19:00:00', 'occupied', 'Psychology'),
(599, 8, 'Saturday', '19:00:00', '20:30:00', 'occupied', 'Music'),
(600, 8, 'Saturday', '20:30:00', '21:00:00', 'occupied', 'Economics'),
(601, 9, 'Monday', '07:00:00', '08:30:00', 'occupied', 'History'),
(602, 9, 'Monday', '08:30:00', '10:00:00', 'occupied', 'Literature'),
(603, 9, 'Monday', '10:00:00', '11:30:00', 'occupied', 'Engineering'),
(604, 9, 'Monday', '11:30:00', '13:00:00', 'available', 'none'),
(605, 9, 'Monday', '13:00:00', '14:30:00', 'occupied', 'Philosophy'),
(606, 9, 'Monday', '14:30:00', '16:00:00', 'occupied', 'Political Science'),
(607, 9, 'Monday', '16:00:00', '17:30:00', 'available', 'none'),
(608, 9, 'Monday', '17:30:00', '19:00:00', 'occupied', 'Physics'),
(609, 9, 'Monday', '19:00:00', '20:30:00', 'occupied', 'Mathematics'),
(610, 9, 'Monday', '20:30:00', '21:00:00', 'available', 'none'),
(611, 9, 'Tuesday', '07:00:00', '08:30:00', 'occupied', 'Art'),
(612, 9, 'Tuesday', '08:30:00', '10:00:00', 'occupied', 'Biology'),
(613, 9, 'Tuesday', '10:00:00', '11:30:00', 'available', 'none'),
(614, 9, 'Tuesday', '11:30:00', '13:00:00', 'occupied', 'History'),
(615, 9, 'Tuesday', '13:00:00', '14:30:00', 'occupied', 'Physics'),
(616, 9, 'Tuesday', '14:30:00', '16:00:00', 'occupied', 'Geography'),
(617, 9, 'Tuesday', '16:00:00', '17:30:00', 'available', 'none'),
(618, 9, 'Tuesday', '17:30:00', '19:00:00', 'occupied', 'Medicine'),
(619, 9, 'Tuesday', '19:00:00', '20:30:00', 'occupied', 'Political Science'),
(620, 9, 'Tuesday', '20:30:00', '21:00:00', 'occupied', 'History'),
(621, 9, 'Wednesday', '07:00:00', '08:30:00', 'occupied', 'Chemistry'),
(622, 9, 'Wednesday', '08:30:00', '10:00:00', 'occupied', 'Psychology'),
(623, 9, 'Wednesday', '10:00:00', '11:30:00', 'available', 'none'),
(624, 9, 'Wednesday', '11:30:00', '13:00:00', 'occupied', 'Literature'),
(625, 9, 'Wednesday', '13:00:00', '14:30:00', 'occupied', 'Biology'),
(626, 9, 'Wednesday', '14:30:00', '16:00:00', 'occupied', 'Chemistry'),
(627, 9, 'Wednesday', '16:00:00', '17:30:00', 'available', 'none'),
(628, 9, 'Wednesday', '17:30:00', '19:00:00', 'occupied', 'Business'),
(629, 9, 'Wednesday', '19:00:00', '20:30:00', 'occupied', 'Medicine'),
(630, 9, 'Wednesday', '20:30:00', '21:00:00', 'occupied', 'Music'),
(631, 9, 'Thursday', '07:00:00', '08:30:00', 'occupied', 'Music'),
(632, 9, 'Thursday', '08:30:00', '10:00:00', 'occupied', 'Sociology'),
(633, 9, 'Thursday', '10:00:00', '11:30:00', 'occupied', 'Physics'),
(634, 9, 'Thursday', '11:30:00', '13:00:00', 'available', 'none'),
(635, 9, 'Thursday', '13:00:00', '14:30:00', 'occupied', 'Biology'),
(636, 9, 'Thursday', '14:30:00', '16:00:00', 'occupied', 'Medicine'),
(637, 9, 'Thursday', '16:00:00', '17:30:00', 'available', 'none'),
(638, 9, 'Thursday', '17:30:00', '19:00:00', 'occupied', 'Economics'),
(639, 9, 'Thursday', '19:00:00', '20:30:00', 'occupied', 'Geography'),
(640, 9, 'Thursday', '20:30:00', '21:00:00', 'occupied', 'Engineering'),
(641, 9, 'Friday', '07:00:00', '08:30:00', 'occupied', 'Medicine'),
(642, 9, 'Friday', '08:30:00', '10:00:00', 'available', 'none'),
(643, 9, 'Friday', '10:00:00', '11:30:00', 'occupied', 'Literature'),
(644, 9, 'Friday', '11:30:00', '13:00:00', 'occupied', 'Law'),
(645, 9, 'Friday', '13:00:00', '14:30:00', 'occupied', 'History'),
(646, 9, 'Friday', '14:30:00', '16:00:00', 'available', 'none'),
(647, 9, 'Friday', '16:00:00', '17:30:00', 'occupied', 'Political Science'),
(648, 9, 'Friday', '17:30:00', '19:00:00', 'occupied', 'Mathematics'),
(649, 9, 'Friday', '19:00:00', '20:30:00', 'occupied', 'Psychology'),
(650, 9, 'Friday', '20:30:00', '21:00:00', 'available', 'none'),
(651, 9, 'Saturday', '07:00:00', '08:30:00', 'occupied', 'Medicine'),
(652, 9, 'Saturday', '08:30:00', '10:00:00', 'occupied', 'Law'),
(653, 9, 'Saturday', '10:00:00', '11:30:00', 'available', 'none'),
(654, 9, 'Saturday', '11:30:00', '13:00:00', 'occupied', 'Geography'),
(655, 9, 'Saturday', '13:00:00', '14:30:00', 'occupied', 'Chemistry'),
(656, 9, 'Saturday', '14:30:00', '16:00:00', 'occupied', 'History'),
(657, 9, 'Saturday', '16:00:00', '17:30:00', 'available', 'none'),
(658, 9, 'Saturday', '17:30:00', '19:00:00', 'occupied', 'Economics'),
(659, 9, 'Saturday', '19:00:00', '20:30:00', 'occupied', 'Mathematics'),
(660, 9, 'Saturday', '20:30:00', '21:00:00', 'occupied', 'Art'),
(661, 10, 'Monday', '07:00:00', '08:30:00', 'occupied', 'History'),
(662, 10, 'Monday', '08:30:00', '10:00:00', 'occupied', 'Physics'),
(663, 10, 'Monday', '10:00:00', '11:30:00', 'available', 'none'),
(664, 10, 'Monday', '11:30:00', '13:00:00', 'occupied', 'History'),
(665, 10, 'Monday', '13:00:00', '14:30:00', 'occupied', 'Computer Science'),
(666, 10, 'Monday', '14:30:00', '16:00:00', 'occupied', 'History'),
(667, 10, 'Monday', '16:00:00', '17:30:00', 'occupied', 'History'),
(668, 10, 'Monday', '17:30:00', '19:00:00', 'occupied', 'Medicine'),
(669, 10, 'Monday', '19:00:00', '20:30:00', 'available', 'none'),
(670, 10, 'Monday', '20:30:00', '21:00:00', 'occupied', 'Music'),
(671, 10, 'Tuesday', '07:00:00', '08:30:00', 'occupied', 'Business'),
(672, 10, 'Tuesday', '08:30:00', '10:00:00', 'occupied', 'Mathematics'),
(673, 10, 'Tuesday', '10:00:00', '11:30:00', 'occupied', 'Biology'),
(674, 10, 'Tuesday', '11:30:00', '13:00:00', 'occupied', 'Psychology'),
(675, 10, 'Tuesday', '13:00:00', '14:30:00', 'available', 'none'),
(676, 10, 'Tuesday', '14:30:00', '16:00:00', 'occupied', 'Biology'),
(677, 10, 'Tuesday', '16:00:00', '17:30:00', 'occupied', 'Law'),
(678, 10, 'Tuesday', '17:30:00', '19:00:00', 'available', 'none'),
(679, 10, 'Tuesday', '19:00:00', '20:30:00', 'occupied', 'Medicine'),
(680, 10, 'Tuesday', '20:30:00', '21:00:00', 'occupied', 'Physics'),
(681, 10, 'Wednesday', '07:00:00', '08:30:00', 'occupied', 'Law'),
(682, 10, 'Wednesday', '08:30:00', '10:00:00', 'occupied', 'Business'),
(683, 10, 'Wednesday', '10:00:00', '11:30:00', 'occupied', 'Mathematics'),
(684, 10, 'Wednesday', '11:30:00', '13:00:00', 'available', 'none'),
(685, 10, 'Wednesday', '13:00:00', '14:30:00', 'occupied', 'English'),
(686, 10, 'Wednesday', '14:30:00', '16:00:00', 'occupied', 'Business'),
(687, 10, 'Wednesday', '16:00:00', '17:30:00', 'occupied', 'English'),
(688, 10, 'Wednesday', '17:30:00', '19:00:00', 'occupied', 'English'),
(689, 10, 'Wednesday', '19:00:00', '20:30:00', 'available', 'none'),
(690, 10, 'Wednesday', '20:30:00', '21:00:00', 'occupied', 'Computer Science'),
(691, 10, 'Thursday', '07:00:00', '08:30:00', 'available', 'none'),
(692, 10, 'Thursday', '08:30:00', '10:00:00', 'occupied', 'Medicine'),
(693, 10, 'Thursday', '10:00:00', '11:30:00', 'occupied', 'Engineering'),
(694, 10, 'Thursday', '11:30:00', '13:00:00', 'occupied', 'Art'),
(695, 10, 'Thursday', '13:00:00', '14:30:00', 'occupied', 'Art'),
(696, 10, 'Thursday', '14:30:00', '16:00:00', 'available', 'none'),
(697, 10, 'Thursday', '16:00:00', '17:30:00', 'occupied', 'Sociology'),
(698, 10, 'Thursday', '17:30:00', '19:00:00', 'occupied', 'English'),
(699, 10, 'Thursday', '19:00:00', '20:30:00', 'occupied', 'Political Science'),
(700, 10, 'Thursday', '20:30:00', '21:00:00', 'occupied', 'History'),
(701, 10, 'Friday', '07:00:00', '08:30:00', 'occupied', 'Biology'),
(702, 10, 'Friday', '08:30:00', '10:00:00', 'occupied', 'Business'),
(703, 10, 'Friday', '10:00:00', '11:30:00', 'available', 'none'),
(704, 10, 'Friday', '11:30:00', '13:00:00', 'occupied', 'Geography'),
(705, 10, 'Friday', '13:00:00', '14:30:00', 'occupied', 'Music'),
(706, 10, 'Friday', '14:30:00', '16:00:00', 'available', 'none'),
(707, 10, 'Friday', '16:00:00', '17:30:00', 'occupied', 'Medicine'),
(708, 10, 'Friday', '17:30:00', '19:00:00', 'occupied', 'Chemistry'),
(709, 10, 'Friday', '19:00:00', '20:30:00', 'occupied', 'Sociology'),
(710, 10, 'Friday', '20:30:00', '21:00:00', 'available', 'none'),
(711, 10, 'Saturday', '07:00:00', '08:30:00', 'occupied', 'Computer Science'),
(712, 10, 'Saturday', '08:30:00', '10:00:00', 'occupied', 'Physics'),
(713, 10, 'Saturday', '10:00:00', '11:30:00', 'occupied', 'Art'),
(714, 10, 'Saturday', '11:30:00', '13:00:00', 'available', 'none'),
(715, 10, 'Saturday', '13:00:00', '14:30:00', 'occupied', 'Biology'),
(716, 10, 'Saturday', '14:30:00', '16:00:00', 'occupied', 'Geography'),
(717, 10, 'Saturday', '16:00:00', '17:30:00', 'occupied', 'Literature'),
(718, 10, 'Saturday', '17:30:00', '19:00:00', 'available', 'none'),
(719, 10, 'Saturday', '19:00:00', '20:30:00', 'occupied', 'Chemistry'),
(720, 10, 'Saturday', '20:30:00', '21:00:00', 'occupied', 'Business'),
(721, 11, 'Monday', '07:00:00', '08:30:00', 'occupied', 'Computer Science'),
(722, 11, 'Monday', '08:30:00', '10:00:00', 'available', 'none'),
(723, 11, 'Monday', '10:00:00', '11:30:00', 'occupied', 'Engineering'),
(724, 11, 'Monday', '11:30:00', '13:00:00', 'occupied', 'Biology'),
(725, 11, 'Monday', '13:00:00', '14:30:00', 'occupied', 'English'),
(726, 11, 'Monday', '14:30:00', '16:00:00', 'occupied', 'Philosophy'),
(727, 11, 'Monday', '16:00:00', '17:30:00', 'occupied', 'Psychology'),
(728, 11, 'Monday', '17:30:00', '19:00:00', 'available', 'none'),
(729, 11, 'Monday', '19:00:00', '20:30:00', 'occupied', 'Medicine'),
(730, 11, 'Monday', '20:30:00', '21:00:00', 'occupied', 'Law'),
(731, 11, 'Tuesday', '07:00:00', '08:30:00', 'occupied', 'Economics'),
(732, 11, 'Tuesday', '08:30:00', '10:00:00', 'occupied', 'English'),
(733, 11, 'Tuesday', '10:00:00', '11:30:00', 'occupied', 'Business'),
(734, 11, 'Tuesday', '11:30:00', '13:00:00', 'available', 'none'),
(735, 11, 'Tuesday', '13:00:00', '14:30:00', 'occupied', 'Chemistry'),
(736, 11, 'Tuesday', '14:30:00', '16:00:00', 'occupied', 'Philosophy'),
(737, 11, 'Tuesday', '16:00:00', '17:30:00', 'occupied', 'Business'),
(738, 11, 'Tuesday', '17:30:00', '19:00:00', 'occupied', 'Political Science'),
(739, 11, 'Tuesday', '19:00:00', '20:30:00', 'available', 'none'),
(740, 11, 'Tuesday', '20:30:00', '21:00:00', 'occupied', 'History'),
(741, 11, 'Wednesday', '07:00:00', '08:30:00', 'occupied', 'Biology'),
(742, 11, 'Wednesday', '08:30:00', '10:00:00', 'available', 'none'),
(743, 11, 'Wednesday', '10:00:00', '11:30:00', 'occupied', 'Political Science'),
(744, 11, 'Wednesday', '11:30:00', '13:00:00', 'occupied', 'Law'),
(745, 11, 'Wednesday', '13:00:00', '14:30:00', 'occupied', 'Law'),
(746, 11, 'Wednesday', '14:30:00', '16:00:00', 'occupied', 'Literature'),
(747, 11, 'Wednesday', '16:00:00', '17:30:00', 'occupied', 'Engineering'),
(748, 11, 'Wednesday', '17:30:00', '19:00:00', 'available', 'none'),
(749, 11, 'Wednesday', '19:00:00', '20:30:00', 'occupied', 'Political Science'),
(750, 11, 'Wednesday', '20:30:00', '21:00:00', 'occupied', 'Medicine'),
(751, 11, 'Thursday', '07:00:00', '08:30:00', 'occupied', 'Literature'),
(752, 11, 'Thursday', '08:30:00', '10:00:00', 'occupied', 'Philosophy'),
(753, 11, 'Thursday', '10:00:00', '11:30:00', 'occupied', 'Engineering'),
(754, 11, 'Thursday', '11:30:00', '13:00:00', 'occupied', 'Medicine'),
(755, 11, 'Thursday', '13:00:00', '14:30:00', 'available', 'none'),
(756, 11, 'Thursday', '14:30:00', '16:00:00', 'occupied', 'History'),
(757, 11, 'Thursday', '16:00:00', '17:30:00', 'occupied', 'Political Science'),
(758, 11, 'Thursday', '17:30:00', '19:00:00', 'available', 'none'),
(759, 11, 'Thursday', '19:00:00', '20:30:00', 'occupied', 'Biology'),
(760, 11, 'Thursday', '20:30:00', '21:00:00', 'occupied', 'Economics'),
(761, 11, 'Friday', '07:00:00', '08:30:00', 'occupied', 'Medicine'),
(762, 11, 'Friday', '08:30:00', '10:00:00', 'available', 'none'),
(763, 11, 'Friday', '10:00:00', '11:30:00', 'occupied', 'Philosophy'),
(764, 11, 'Friday', '11:30:00', '13:00:00', 'occupied', 'Law'),
(765, 11, 'Friday', '13:00:00', '14:30:00', 'occupied', 'Business'),
(766, 11, 'Friday', '14:30:00', '16:00:00', 'occupied', 'Chemistry'),
(767, 11, 'Friday', '16:00:00', '17:30:00', 'occupied', 'Law'),
(768, 11, 'Friday', '17:30:00', '19:00:00', 'available', 'none'),
(769, 11, 'Friday', '19:00:00', '20:30:00', 'occupied', 'Psychology'),
(770, 11, 'Friday', '20:30:00', '21:00:00', 'occupied', 'Art'),
(771, 11, 'Saturday', '07:00:00', '08:30:00', 'occupied', 'Mathematics'),
(772, 11, 'Saturday', '08:30:00', '10:00:00', 'occupied', 'Law'),
(773, 11, 'Saturday', '10:00:00', '11:30:00', 'occupied', 'Physics'),
(774, 11, 'Saturday', '11:30:00', '13:00:00', 'available', 'none'),
(775, 11, 'Saturday', '13:00:00', '14:30:00', 'occupied', 'Geography'),
(776, 11, 'Saturday', '14:30:00', '16:00:00', 'occupied', 'Law'),
(777, 11, 'Saturday', '16:00:00', '17:30:00', 'available', 'none'),
(778, 11, 'Saturday', '17:30:00', '19:00:00', 'occupied', 'Physics'),
(779, 11, 'Saturday', '19:00:00', '20:30:00', 'occupied', 'Geography'),
(780, 11, 'Saturday', '20:30:00', '21:00:00', 'available', 'none'),
(781, 12, 'Monday', '07:00:00', '08:30:00', 'occupied', 'Political Science'),
(782, 12, 'Monday', '08:30:00', '10:00:00', 'occupied', 'Business'),
(783, 12, 'Monday', '10:00:00', '11:30:00', 'occupied', 'Geography'),
(784, 12, 'Monday', '11:30:00', '13:00:00', 'available', 'none'),
(785, 12, 'Monday', '13:00:00', '14:30:00', 'occupied', 'Music'),
(786, 12, 'Monday', '14:30:00', '16:00:00', 'occupied', 'Engineering'),
(787, 12, 'Monday', '16:00:00', '17:30:00', 'available', 'none'),
(788, 12, 'Monday', '17:30:00', '19:00:00', 'occupied', 'Political Science'),
(789, 12, 'Monday', '19:00:00', '20:30:00', 'occupied', 'Law'),
(790, 12, 'Monday', '20:30:00', '21:00:00', 'available', 'none'),
(791, 12, 'Tuesday', '07:00:00', '08:30:00', 'occupied', 'Philosophy'),
(792, 12, 'Tuesday', '08:30:00', '10:00:00', 'occupied', 'Computer Science'),
(793, 12, 'Tuesday', '10:00:00', '11:30:00', 'occupied', 'Geography'),
(794, 12, 'Tuesday', '11:30:00', '13:00:00', 'available', 'none'),
(795, 12, 'Tuesday', '13:00:00', '14:30:00', 'occupied', 'Computer Science'),
(796, 12, 'Tuesday', '14:30:00', '16:00:00', 'occupied', 'History'),
(797, 12, 'Tuesday', '16:00:00', '17:30:00', 'occupied', 'Physics'),
(798, 12, 'Tuesday', '17:30:00', '19:00:00', 'available', 'none'),
(799, 12, 'Tuesday', '19:00:00', '20:30:00', 'occupied', 'Engineering'),
(800, 12, 'Tuesday', '20:30:00', '21:00:00', 'occupied', 'Literature'),
(801, 12, 'Wednesday', '07:00:00', '08:30:00', 'occupied', 'Art'),
(802, 12, 'Wednesday', '08:30:00', '10:00:00', 'occupied', 'Medicine'),
(803, 12, 'Wednesday', '10:00:00', '11:30:00', 'available', 'none'),
(804, 12, 'Wednesday', '11:30:00', '13:00:00', 'occupied', 'Biology'),
(805, 12, 'Wednesday', '13:00:00', '14:30:00', 'occupied', 'English'),
(806, 12, 'Wednesday', '14:30:00', '16:00:00', 'occupied', 'Philosophy'),
(807, 12, 'Wednesday', '16:00:00', '17:30:00', 'available', 'none'),
(808, 12, 'Wednesday', '17:30:00', '19:00:00', 'occupied', 'Law'),
(809, 12, 'Wednesday', '19:00:00', '20:30:00', 'occupied', 'Physics'),
(810, 12, 'Wednesday', '20:30:00', '21:00:00', 'occupied', 'Computer Science'),
(811, 12, 'Thursday', '07:00:00', '08:30:00', 'occupied', 'Literature'),
(812, 12, 'Thursday', '08:30:00', '10:00:00', 'occupied', 'Art'),
(813, 12, 'Thursday', '10:00:00', '11:30:00', 'occupied', 'Engineering'),
(814, 12, 'Thursday', '11:30:00', '13:00:00', 'occupied', 'Mathematics'),
(815, 12, 'Thursday', '13:00:00', '14:30:00', 'available', 'none'),
(816, 12, 'Thursday', '14:30:00', '16:00:00', 'occupied', 'Engineering'),
(817, 12, 'Thursday', '16:00:00', '17:30:00', 'occupied', 'Law'),
(818, 12, 'Thursday', '17:30:00', '19:00:00', 'available', 'none'),
(819, 12, 'Thursday', '19:00:00', '20:30:00', 'occupied', 'Economics'),
(820, 12, 'Thursday', '20:30:00', '21:00:00', 'occupied', 'English'),
(821, 12, 'Friday', '07:00:00', '08:30:00', 'occupied', 'Art'),
(822, 12, 'Friday', '08:30:00', '10:00:00', 'occupied', 'Sociology'),
(823, 12, 'Friday', '10:00:00', '11:30:00', 'occupied', 'Literature'),
(824, 12, 'Friday', '11:30:00', '13:00:00', 'available', 'none'),
(825, 12, 'Friday', '13:00:00', '14:30:00', 'occupied', 'Mathematics'),
(826, 12, 'Friday', '14:30:00', '16:00:00', 'occupied', 'English'),
(827, 12, 'Friday', '16:00:00', '17:30:00', 'occupied', 'Biology'),
(828, 12, 'Friday', '17:30:00', '19:00:00', 'available', 'none'),
(829, 12, 'Friday', '19:00:00', '20:30:00', 'occupied', 'Chemistry'),
(830, 12, 'Friday', '20:30:00', '21:00:00', 'occupied', 'Chemistry'),
(831, 12, 'Saturday', '07:00:00', '08:30:00', 'occupied', 'English'),
(832, 12, 'Saturday', '08:30:00', '10:00:00', 'available', 'none'),
(833, 12, 'Saturday', '10:00:00', '11:30:00', 'occupied', 'Psychology'),
(834, 12, 'Saturday', '11:30:00', '13:00:00', 'occupied', 'Physics'),
(835, 12, 'Saturday', '13:00:00', '14:30:00', 'occupied', 'Chemistry'),
(836, 12, 'Saturday', '14:30:00', '16:00:00', 'available', 'none'),
(837, 12, 'Saturday', '16:00:00', '17:30:00', 'occupied', 'Computer Science'),
(838, 12, 'Saturday', '17:30:00', '19:00:00', 'occupied', 'Art'),
(839, 12, 'Saturday', '19:00:00', '20:30:00', 'occupied', 'Physics'),
(840, 12, 'Saturday', '20:30:00', '21:00:00', 'occupied', 'Psychology'),
(901, 13, 'Monday', '07:00:00', '08:30:00', 'occupied', 'Mathematics'),
(902, 13, 'Monday', '08:30:00', '10:00:00', 'available', 'Physics'),
(903, 13, 'Monday', '10:00:00', '11:30:00', 'occupied', 'Chemistry'),
(904, 13, 'Monday', '11:30:00', '13:00:00', 'occupied', 'Biology'),
(905, 13, 'Monday', '13:00:00', '14:30:00', 'occupied', 'English'),
(906, 13, 'Monday', '14:30:00', '16:00:00', 'occupied', 'Literature'),
(907, 13, 'Monday', '16:00:00', '17:30:00', 'occupied', 'History'),
(908, 13, 'Monday', '17:30:00', '19:00:00', 'occupied', 'Geography'),
(909, 13, 'Monday', '19:00:00', '20:30:00', 'occupied', 'Economics'),
(910, 13, 'Monday', '20:30:00', '21:00:00', 'available', 'Computer Science'),
(911, 13, 'Tuesday', '07:00:00', '08:30:00', 'occupied', 'Engineering'),
(912, 13, 'Tuesday', '08:30:00', '10:00:00', 'occupied', 'Medicine'),
(913, 13, 'Tuesday', '10:00:00', '11:30:00', 'occupied', 'Law'),
(914, 13, 'Tuesday', '11:30:00', '13:00:00', 'occupied', 'Philosophy'),
(915, 13, 'Tuesday', '13:00:00', '14:30:00', 'available', 'Psychology'),
(916, 13, 'Tuesday', '14:30:00', '16:00:00', 'occupied', 'Sociology'),
(917, 13, 'Tuesday', '16:00:00', '17:30:00', 'available', 'Political Science'),
(918, 13, 'Tuesday', '17:30:00', '19:00:00', 'occupied', 'Art'),
(919, 13, 'Tuesday', '19:00:00', '20:30:00', 'occupied', 'Music');
INSERT INTO `schedules` (`schedule_id`, `room_id`, `day_of_week`, `start_time`, `end_time`, `status`, `subject`) VALUES
(920, 13, 'Tuesday', '20:30:00', '21:00:00', 'available', 'Business'),
(921, 13, 'Wednesday', '07:00:00', '08:30:00', 'occupied', 'Physics'),
(922, 13, 'Wednesday', '08:30:00', '10:00:00', 'available', 'Mathematics'),
(923, 13, 'Wednesday', '10:00:00', '11:30:00', 'occupied', 'English'),
(924, 13, 'Wednesday', '11:30:00', '13:00:00', 'occupied', 'Literature'),
(925, 13, 'Wednesday', '13:00:00', '14:30:00', 'occupied', 'History'),
(926, 13, 'Wednesday', '14:30:00', '16:00:00', 'occupied', 'Geography'),
(927, 13, 'Wednesday', '16:00:00', '17:30:00', 'occupied', 'Economics'),
(928, 13, 'Wednesday', '17:30:00', '19:00:00', 'occupied', 'Computer Science'),
(929, 13, 'Wednesday', '19:00:00', '20:30:00', 'available', 'Engineering'),
(930, 13, 'Wednesday', '20:30:00', '21:00:00', 'available', 'Medicine'),
(931, 13, 'Thursday', '07:00:00', '08:30:00', 'occupied', 'Law'),
(932, 13, 'Thursday', '08:30:00', '10:00:00', 'occupied', 'Philosophy'),
(933, 13, 'Thursday', '10:00:00', '11:30:00', 'occupied', 'Psychology'),
(934, 13, 'Thursday', '11:30:00', '13:00:00', 'available', 'Sociology'),
(935, 13, 'Thursday', '13:00:00', '14:30:00', 'occupied', 'Political Science'),
(936, 13, 'Thursday', '14:30:00', '16:00:00', 'occupied', 'Art'),
(937, 13, 'Thursday', '16:00:00', '17:30:00', 'occupied', 'Music'),
(938, 13, 'Thursday', '17:30:00', '19:00:00', 'occupied', 'Business'),
(939, 13, 'Thursday', '19:00:00', '20:30:00', 'available', 'Mathematics'),
(940, 13, 'Thursday', '20:30:00', '21:00:00', 'available', 'Physics'),
(941, 13, 'Friday', '07:00:00', '08:30:00', 'occupied', 'Chemistry'),
(942, 13, 'Friday', '08:30:00', '10:00:00', 'available', 'Biology'),
(943, 13, 'Friday', '10:00:00', '11:30:00', 'occupied', 'English'),
(944, 13, 'Friday', '11:30:00', '13:00:00', 'occupied', 'Literature'),
(945, 13, 'Friday', '13:00:00', '14:30:00', 'occupied', 'History'),
(946, 13, 'Friday', '14:30:00', '16:00:00', 'occupied', 'Geography'),
(947, 13, 'Friday', '16:00:00', '17:30:00', 'occupied', 'Economics'),
(948, 13, 'Friday', '17:30:00', '19:00:00', 'available', 'Computer Science'),
(949, 13, 'Friday', '19:00:00', '20:30:00', 'occupied', 'Engineering'),
(950, 13, 'Friday', '20:30:00', '21:00:00', 'available', 'Medicine'),
(951, 13, 'Saturday', '07:00:00', '08:30:00', 'occupied', 'Law'),
(952, 13, 'Saturday', '08:30:00', '10:00:00', 'occupied', 'Philosophy'),
(953, 13, 'Saturday', '10:00:00', '11:30:00', 'occupied', 'Psychology'),
(954, 13, 'Saturday', '11:30:00', '13:00:00', 'occupied', 'Sociology'),
(955, 13, 'Saturday', '13:00:00', '14:30:00', 'available', 'Political Science'),
(956, 13, 'Saturday', '14:30:00', '16:00:00', 'occupied', 'Art'),
(957, 13, 'Saturday', '16:00:00', '17:30:00', 'occupied', 'Music'),
(958, 13, 'Saturday', '17:30:00', '19:00:00', 'occupied', 'Business'),
(959, 13, 'Saturday', '19:00:00', '20:30:00', 'available', 'Mathematics'),
(960, 13, 'Saturday', '20:30:00', '21:00:00', 'available', 'Physics'),
(1141, 14, 'Monday', '07:00:00', '08:30:00', 'occupied', 'Chemistry'),
(1142, 14, 'Monday', '08:30:00', '10:00:00', 'available', 'Biology'),
(1143, 14, 'Monday', '10:00:00', '11:30:00', 'occupied', 'English'),
(1144, 14, 'Monday', '11:30:00', '13:00:00', 'occupied', 'Literature'),
(1145, 14, 'Monday', '13:00:00', '14:30:00', 'occupied', 'History'),
(1146, 14, 'Monday', '14:30:00', '16:00:00', 'occupied', 'Geography'),
(1147, 14, 'Monday', '16:00:00', '17:30:00', 'occupied', 'Economics'),
(1148, 14, 'Monday', '17:30:00', '19:00:00', 'available', 'Computer Science'),
(1149, 14, 'Monday', '19:00:00', '20:30:00', 'occupied', 'Engineering'),
(1150, 14, 'Monday', '20:30:00', '21:00:00', 'available', 'Medicine'),
(1151, 14, 'Tuesday', '07:00:00', '08:30:00', 'occupied', 'Law'),
(1152, 14, 'Tuesday', '08:30:00', '10:00:00', 'occupied', 'Philosophy'),
(1153, 14, 'Tuesday', '10:00:00', '11:30:00', 'occupied', 'Psychology'),
(1154, 14, 'Tuesday', '11:30:00', '13:00:00', 'available', 'Sociology'),
(1155, 14, 'Tuesday', '13:00:00', '14:30:00', 'occupied', 'Political Science'),
(1156, 14, 'Tuesday', '14:30:00', '16:00:00', 'occupied', 'Art'),
(1157, 14, 'Tuesday', '16:00:00', '17:30:00', 'occupied', 'Music'),
(1158, 14, 'Tuesday', '17:30:00', '19:00:00', 'occupied', 'Business'),
(1159, 14, 'Tuesday', '19:00:00', '20:30:00', 'available', 'Mathematics'),
(1160, 14, 'Tuesday', '20:30:00', '21:00:00', 'available', 'Physics'),
(1161, 14, 'Wednesday', '07:00:00', '08:30:00', 'occupied', 'Engineering'),
(1162, 14, 'Wednesday', '08:30:00', '10:00:00', 'available', 'Medicine'),
(1163, 14, 'Wednesday', '10:00:00', '11:30:00', 'occupied', 'Law'),
(1164, 14, 'Wednesday', '11:30:00', '13:00:00', 'occupied', 'Philosophy'),
(1165, 14, 'Wednesday', '13:00:00', '14:30:00', 'occupied', 'Psychology'),
(1166, 14, 'Wednesday', '14:30:00', '16:00:00', 'occupied', 'Sociology'),
(1167, 14, 'Wednesday', '16:00:00', '17:30:00', 'occupied', 'Political Science'),
(1168, 14, 'Wednesday', '17:30:00', '19:00:00', 'occupied', 'Art'),
(1169, 14, 'Wednesday', '19:00:00', '20:30:00', 'available', 'Music'),
(1170, 14, 'Wednesday', '20:30:00', '21:00:00', 'available', 'Business'),
(1171, 14, 'Thursday', '07:00:00', '08:30:00', 'occupied', 'Mathematics'),
(1172, 14, 'Thursday', '08:30:00', '10:00:00', 'available', 'Physics'),
(1173, 14, 'Thursday', '10:00:00', '11:30:00', 'occupied', 'Chemistry'),
(1174, 14, 'Thursday', '11:30:00', '13:00:00', 'occupied', 'Biology'),
(1175, 14, 'Thursday', '13:00:00', '14:30:00', 'occupied', 'English'),
(1176, 14, 'Thursday', '14:30:00', '16:00:00', 'occupied', 'Literature'),
(1177, 14, 'Thursday', '16:00:00', '17:30:00', 'occupied', 'History'),
(1178, 14, 'Thursday', '17:30:00', '19:00:00', 'available', 'Geography'),
(1179, 14, 'Thursday', '19:00:00', '20:30:00', 'occupied', 'Economics'),
(1180, 14, 'Thursday', '20:30:00', '21:00:00', 'available', 'Computer Science'),
(1181, 14, 'Friday', '07:00:00', '08:30:00', 'occupied', 'Engineering'),
(1182, 14, 'Friday', '08:30:00', '10:00:00', 'occupied', 'Medicine'),
(1183, 14, 'Friday', '10:00:00', '11:30:00', 'occupied', 'Law'),
(1184, 14, 'Friday', '11:30:00', '13:00:00', 'available', 'Philosophy'),
(1185, 14, 'Friday', '13:00:00', '14:30:00', 'occupied', 'Psychology'),
(1186, 14, 'Friday', '14:30:00', '16:00:00', 'occupied', 'Sociology'),
(1187, 14, 'Friday', '16:00:00', '17:30:00', 'occupied', 'Political Science'),
(1188, 14, 'Friday', '17:30:00', '19:00:00', 'occupied', 'Art'),
(1189, 14, 'Friday', '19:00:00', '20:30:00', 'available', 'Music'),
(1190, 14, 'Friday', '20:30:00', '21:00:00', 'occupied', 'Business'),
(1191, 14, 'Saturday', '07:00:00', '08:30:00', 'occupied', 'Mathematics'),
(1192, 14, 'Saturday', '08:30:00', '10:00:00', 'occupied', 'Physics'),
(1193, 14, 'Saturday', '10:00:00', '11:30:00', 'occupied', 'Chemistry'),
(1194, 14, 'Saturday', '11:30:00', '13:00:00', 'available', 'Biology'),
(1195, 14, 'Saturday', '13:00:00', '14:30:00', 'occupied', 'English'),
(1196, 14, 'Saturday', '14:30:00', '16:00:00', 'occupied', 'Literature'),
(1197, 14, 'Saturday', '16:00:00', '17:30:00', 'occupied', 'History'),
(1198, 14, 'Saturday', '17:30:00', '19:00:00', 'occupied', 'Geography'),
(1199, 14, 'Saturday', '19:00:00', '20:30:00', 'available', 'Economics'),
(1200, 14, 'Saturday', '20:30:00', '21:00:00', 'occupied', 'Computer Science'),
(1201, 15, 'Monday', '07:00:00', '08:30:00', 'occupied', 'Psychology'),
(1202, 15, 'Monday', '08:30:00', '10:00:00', 'occupied', 'Sociology'),
(1203, 15, 'Monday', '10:00:00', '11:30:00', 'available', 'Political Science'),
(1204, 15, 'Monday', '11:30:00', '13:00:00', 'occupied', 'Art'),
(1205, 15, 'Monday', '13:00:00', '14:30:00', 'occupied', 'Music'),
(1206, 15, 'Monday', '14:30:00', '16:00:00', 'occupied', 'Business'),
(1207, 15, 'Monday', '16:00:00', '17:30:00', 'occupied', 'Mathematics'),
(1208, 15, 'Monday', '17:30:00', '19:00:00', 'occupied', 'Physics'),
(1209, 15, 'Monday', '19:00:00', '20:30:00', 'available', 'Chemistry'),
(1210, 15, 'Monday', '20:30:00', '21:00:00', 'occupied', 'Biology'),
(1211, 15, 'Tuesday', '07:00:00', '08:30:00', 'occupied', 'English'),
(1212, 15, 'Tuesday', '08:30:00', '10:00:00', 'occupied', 'Literature'),
(1213, 15, 'Tuesday', '10:00:00', '11:30:00', 'occupied', 'History'),
(1214, 15, 'Tuesday', '11:30:00', '13:00:00', 'available', 'Geography'),
(1215, 15, 'Tuesday', '13:00:00', '14:30:00', 'occupied', 'Economics'),
(1216, 15, 'Tuesday', '14:30:00', '16:00:00', 'occupied', 'Computer Science'),
(1217, 15, 'Tuesday', '16:00:00', '17:30:00', 'occupied', 'Engineering'),
(1218, 15, 'Tuesday', '17:30:00', '19:00:00', 'occupied', 'Medicine'),
(1219, 15, 'Tuesday', '19:00:00', '20:30:00', 'available', 'Law'),
(1220, 15, 'Tuesday', '20:30:00', '21:00:00', 'occupied', 'Philosophy'),
(1221, 15, 'Wednesday', '07:00:00', '08:30:00', 'occupied', 'Psychology'),
(1222, 15, 'Wednesday', '08:30:00', '10:00:00', 'available', 'Sociology'),
(1223, 15, 'Wednesday', '10:00:00', '11:30:00', 'occupied', 'Political Science'),
(1224, 15, 'Wednesday', '11:30:00', '13:00:00', 'occupied', 'Art'),
(1225, 15, 'Wednesday', '13:00:00', '14:30:00', 'occupied', 'Music'),
(1226, 15, 'Wednesday', '14:30:00', '16:00:00', 'occupied', 'Business'),
(1227, 15, 'Wednesday', '16:00:00', '17:30:00', 'occupied', 'Mathematics'),
(1228, 15, 'Wednesday', '17:30:00', '19:00:00', 'occupied', 'Physics'),
(1229, 15, 'Wednesday', '19:00:00', '20:30:00', 'available', 'Chemistry'),
(1230, 15, 'Wednesday', '20:30:00', '21:00:00', 'occupied', 'Biology'),
(1231, 15, 'Thursday', '07:00:00', '08:30:00', 'occupied', 'English'),
(1232, 15, 'Thursday', '08:30:00', '10:00:00', 'occupied', 'Literature'),
(1233, 15, 'Thursday', '10:00:00', '11:30:00', 'occupied', 'History'),
(1234, 15, 'Thursday', '11:30:00', '13:00:00', 'available', 'Geography'),
(1235, 15, 'Thursday', '13:00:00', '14:30:00', 'occupied', 'Economics'),
(1236, 15, 'Thursday', '14:30:00', '16:00:00', 'occupied', 'Computer Science'),
(1237, 15, 'Thursday', '16:00:00', '17:30:00', 'occupied', 'Engineering'),
(1238, 15, 'Thursday', '17:30:00', '19:00:00', 'occupied', 'Medicine'),
(1239, 15, 'Thursday', '19:00:00', '20:30:00', 'available', 'Law'),
(1240, 15, 'Thursday', '20:30:00', '21:00:00', 'occupied', 'Philosophy'),
(1241, 15, 'Friday', '07:00:00', '08:30:00', 'occupied', 'Psychology'),
(1242, 15, 'Friday', '08:30:00', '10:00:00', 'available', 'Sociology'),
(1243, 15, 'Friday', '10:00:00', '11:30:00', 'occupied', 'Political Science'),
(1244, 15, 'Friday', '11:30:00', '13:00:00', 'occupied', 'Art'),
(1245, 15, 'Friday', '13:00:00', '14:30:00', 'occupied', 'Music'),
(1246, 15, 'Friday', '14:30:00', '16:00:00', 'occupied', 'Business'),
(1247, 15, 'Friday', '16:00:00', '17:30:00', 'occupied', 'Mathematics'),
(1248, 15, 'Friday', '17:30:00', '19:00:00', 'occupied', 'Physics'),
(1249, 15, 'Friday', '19:00:00', '20:30:00', 'available', 'Chemistry'),
(1250, 15, 'Friday', '20:30:00', '21:00:00', 'occupied', 'Biology'),
(1251, 15, 'Saturday', '07:00:00', '08:30:00', 'occupied', 'English'),
(1252, 15, 'Saturday', '08:30:00', '10:00:00', 'occupied', 'Literature'),
(1253, 15, 'Saturday', '10:00:00', '11:30:00', 'occupied', 'History'),
(1254, 15, 'Saturday', '11:30:00', '13:00:00', 'available', 'Geography'),
(1255, 15, 'Saturday', '13:00:00', '14:30:00', 'occupied', 'Economics'),
(1256, 15, 'Saturday', '14:30:00', '16:00:00', 'occupied', 'Computer Science'),
(1257, 15, 'Saturday', '16:00:00', '17:30:00', 'occupied', 'Engineering'),
(1258, 15, 'Saturday', '17:30:00', '19:00:00', 'occupied', 'Medicine'),
(1259, 15, 'Saturday', '19:00:00', '20:30:00', 'available', 'Law'),
(1260, 15, 'Saturday', '20:30:00', '21:00:00', 'occupied', 'Philosophy'),
(1261, 16, 'Monday', '07:00:00', '08:30:00', 'occupied', 'Geography'),
(1262, 16, 'Monday', '08:30:00', '10:00:00', 'occupied', 'Economics'),
(1263, 16, 'Monday', '10:00:00', '11:30:00', 'occupied', 'Computer Science'),
(1264, 16, 'Monday', '11:30:00', '13:00:00', 'occupied', 'Engineering'),
(1265, 16, 'Monday', '13:00:00', '14:30:00', 'occupied', 'Medicine'),
(1266, 16, 'Monday', '14:30:00', '16:00:00', 'available', 'Law'),
(1267, 16, 'Monday', '16:00:00', '17:30:00', 'occupied', 'Philosophy'),
(1268, 16, 'Monday', '17:30:00', '19:00:00', 'occupied', 'Psychology'),
(1269, 16, 'Monday', '19:00:00', '20:30:00', 'occupied', 'Sociology'),
(1270, 16, 'Monday', '20:30:00', '21:00:00', 'available', 'Political Science'),
(1271, 16, 'Tuesday', '07:00:00', '08:30:00', 'occupied', 'Art'),
(1272, 16, 'Tuesday', '08:30:00', '10:00:00', 'occupied', 'Music'),
(1273, 16, 'Tuesday', '10:00:00', '11:30:00', 'occupied', 'Business'),
(1274, 16, 'Tuesday', '11:30:00', '13:00:00', 'occupied', 'Mathematics'),
(1275, 16, 'Tuesday', '13:00:00', '14:30:00', 'available', 'Physics'),
(1276, 16, 'Tuesday', '14:30:00', '16:00:00', 'occupied', 'Chemistry'),
(1277, 16, 'Tuesday', '16:00:00', '17:30:00', 'occupied', 'Biology'),
(1278, 16, 'Tuesday', '17:30:00', '19:00:00', 'occupied', 'English'),
(1279, 16, 'Tuesday', '19:00:00', '20:30:00', 'available', 'Literature'),
(1280, 16, 'Tuesday', '20:30:00', '21:00:00', 'occupied', 'History'),
(1281, 16, 'Wednesday', '07:00:00', '08:30:00', 'occupied', 'Geography'),
(1282, 16, 'Wednesday', '08:30:00', '10:00:00', 'occupied', 'Economics'),
(1283, 16, 'Wednesday', '10:00:00', '11:30:00', 'occupied', 'Computer Science'),
(1284, 16, 'Wednesday', '11:30:00', '13:00:00', 'occupied', 'Engineering'),
(1285, 16, 'Wednesday', '13:00:00', '14:30:00', 'occupied', 'Medicine'),
(1286, 16, 'Wednesday', '14:30:00', '16:00:00', 'available', 'Law'),
(1287, 16, 'Wednesday', '16:00:00', '17:30:00', 'occupied', 'Philosophy'),
(1288, 16, 'Wednesday', '17:30:00', '19:00:00', 'occupied', 'Psychology'),
(1289, 16, 'Wednesday', '19:00:00', '20:30:00', 'occupied', 'Sociology'),
(1290, 16, 'Wednesday', '20:30:00', '21:00:00', 'available', 'Political Science'),
(1291, 16, 'Thursday', '07:00:00', '08:30:00', 'occupied', 'Art'),
(1292, 16, 'Thursday', '08:30:00', '10:00:00', 'occupied', 'Music'),
(1293, 16, 'Thursday', '10:00:00', '11:30:00', 'occupied', 'Business'),
(1294, 16, 'Thursday', '11:30:00', '13:00:00', 'occupied', 'Mathematics'),
(1295, 16, 'Thursday', '13:00:00', '14:30:00', 'available', 'Physics'),
(1296, 16, 'Thursday', '14:30:00', '16:00:00', 'occupied', 'Chemistry'),
(1297, 16, 'Thursday', '16:00:00', '17:30:00', 'occupied', 'Biology'),
(1298, 16, 'Thursday', '17:30:00', '19:00:00', 'occupied', 'English'),
(1299, 16, 'Thursday', '19:00:00', '20:30:00', 'available', 'Literature'),
(1300, 16, 'Thursday', '20:30:00', '21:00:00', 'occupied', 'History'),
(1301, 16, 'Friday', '07:00:00', '08:30:00', 'occupied', 'Geography'),
(1302, 16, 'Friday', '08:30:00', '10:00:00', 'occupied', 'Economics'),
(1303, 16, 'Friday', '10:00:00', '11:30:00', 'occupied', 'Computer Science'),
(1304, 16, 'Friday', '11:30:00', '13:00:00', 'occupied', 'Engineering'),
(1305, 16, 'Friday', '13:00:00', '14:30:00', 'occupied', 'Medicine'),
(1306, 16, 'Friday', '14:30:00', '16:00:00', 'available', 'Law'),
(1307, 16, 'Friday', '16:00:00', '17:30:00', 'occupied', 'Philosophy'),
(1308, 16, 'Friday', '17:30:00', '19:00:00', 'occupied', 'Psychology'),
(1309, 16, 'Friday', '19:00:00', '20:30:00', 'occupied', 'Sociology'),
(1310, 16, 'Friday', '20:30:00', '21:00:00', 'available', 'Political Science'),
(1311, 16, 'Saturday', '07:00:00', '08:30:00', 'occupied', 'Art'),
(1312, 16, 'Saturday', '08:30:00', '10:00:00', 'occupied', 'Music'),
(1313, 16, 'Saturday', '10:00:00', '11:30:00', 'occupied', 'Business'),
(1314, 16, 'Saturday', '11:30:00', '13:00:00', 'occupied', 'Mathematics'),
(1315, 16, 'Saturday', '13:00:00', '14:30:00', 'available', 'Physics'),
(1316, 16, 'Saturday', '14:30:00', '16:00:00', 'occupied', 'Chemistry'),
(1317, 16, 'Saturday', '16:00:00', '17:30:00', 'occupied', 'Biology'),
(1318, 16, 'Saturday', '17:30:00', '19:00:00', 'occupied', 'English'),
(1319, 16, 'Saturday', '19:00:00', '20:30:00', 'available', 'Literature'),
(1320, 16, 'Saturday', '20:30:00', '21:00:00', 'occupied', 'History'),
(1321, 17, 'Monday', '07:00:00', '08:30:00', 'occupied', 'Economics'),
(1322, 17, 'Monday', '08:30:00', '10:00:00', 'occupied', 'Computer Science'),
(1323, 17, 'Monday', '10:00:00', '11:30:00', 'occupied', 'Engineering'),
(1324, 17, 'Monday', '11:30:00', '13:00:00', 'occupied', 'Medicine'),
(1325, 17, 'Monday', '13:00:00', '14:30:00', 'available', 'Law'),
(1326, 17, 'Monday', '14:30:00', '16:00:00', 'occupied', 'Philosophy'),
(1327, 17, 'Monday', '16:00:00', '17:30:00', 'occupied', 'Psychology'),
(1328, 17, 'Monday', '17:30:00', '19:00:00', 'occupied', 'Sociology'),
(1329, 17, 'Monday', '19:00:00', '20:30:00', 'available', 'Political Science'),
(1330, 17, 'Monday', '20:30:00', '21:00:00', 'occupied', 'Art'),
(1331, 17, 'Tuesday', '07:00:00', '08:30:00', 'occupied', 'Music'),
(1332, 17, 'Tuesday', '08:30:00', '10:00:00', 'occupied', 'Business'),
(1333, 17, 'Tuesday', '10:00:00', '11:30:00', 'occupied', 'Mathematics'),
(1334, 17, 'Tuesday', '11:30:00', '13:00:00', 'available', 'Physics'),
(1335, 17, 'Tuesday', '13:00:00', '14:30:00', 'occupied', 'Chemistry'),
(1336, 17, 'Tuesday', '14:30:00', '16:00:00', 'occupied', 'Biology'),
(1337, 17, 'Tuesday', '16:00:00', '17:30:00', 'occupied', 'English'),
(1338, 17, 'Tuesday', '17:30:00', '19:00:00', 'available', 'Literature'),
(1339, 17, 'Tuesday', '19:00:00', '20:30:00', 'occupied', 'History'),
(1340, 17, 'Tuesday', '20:30:00', '21:00:00', 'occupied', 'Geography'),
(1341, 17, 'Wednesday', '07:00:00', '08:30:00', 'occupied', 'Economics'),
(1342, 17, 'Wednesday', '08:30:00', '10:00:00', 'occupied', 'Computer Science'),
(1343, 17, 'Wednesday', '10:00:00', '11:30:00', 'occupied', 'Engineering'),
(1344, 17, 'Wednesday', '11:30:00', '13:00:00', 'occupied', 'Medicine'),
(1345, 17, 'Wednesday', '13:00:00', '14:30:00', 'available', 'Law'),
(1346, 17, 'Wednesday', '14:30:00', '16:00:00', 'occupied', 'Philosophy'),
(1347, 17, 'Wednesday', '16:00:00', '17:30:00', 'occupied', 'Psychology'),
(1348, 17, 'Wednesday', '17:30:00', '19:00:00', 'occupied', 'Sociology'),
(1349, 17, 'Wednesday', '19:00:00', '20:30:00', 'available', 'Political Science'),
(1350, 17, 'Wednesday', '20:30:00', '21:00:00', 'occupied', 'Art'),
(1351, 17, 'Thursday', '07:00:00', '08:30:00', 'occupied', 'Music'),
(1352, 17, 'Thursday', '08:30:00', '10:00:00', 'occupied', 'Business'),
(1353, 17, 'Thursday', '10:00:00', '11:30:00', 'occupied', 'Mathematics'),
(1354, 17, 'Thursday', '11:30:00', '13:00:00', 'available', 'Physics'),
(1355, 17, 'Thursday', '13:00:00', '14:30:00', 'occupied', 'Chemistry'),
(1356, 17, 'Thursday', '14:30:00', '16:00:00', 'occupied', 'Biology'),
(1357, 17, 'Thursday', '16:00:00', '17:30:00', 'occupied', 'English'),
(1358, 17, 'Thursday', '17:30:00', '19:00:00', 'available', 'Literature'),
(1359, 17, 'Thursday', '19:00:00', '20:30:00', 'occupied', 'History'),
(1360, 17, 'Thursday', '20:30:00', '21:00:00', 'occupied', 'Geography'),
(1361, 17, 'Friday', '07:00:00', '08:30:00', 'occupied', 'Economics'),
(1362, 17, 'Friday', '08:30:00', '10:00:00', 'occupied', 'Computer Science'),
(1363, 17, 'Friday', '10:00:00', '11:30:00', 'occupied', 'Engineering'),
(1364, 17, 'Friday', '11:30:00', '13:00:00', 'occupied', 'Medicine'),
(1365, 17, 'Friday', '13:00:00', '14:30:00', 'available', 'Law'),
(1366, 17, 'Friday', '14:30:00', '16:00:00', 'occupied', 'Philosophy'),
(1367, 17, 'Friday', '16:00:00', '17:30:00', 'occupied', 'Psychology'),
(1368, 17, 'Friday', '17:30:00', '19:00:00', 'occupied', 'Sociology'),
(1369, 17, 'Friday', '19:00:00', '20:30:00', 'available', 'Political Science'),
(1370, 17, 'Friday', '20:30:00', '21:00:00', 'occupied', 'Art'),
(1371, 17, 'Saturday', '07:00:00', '08:30:00', 'occupied', 'Music'),
(1372, 17, 'Saturday', '08:30:00', '10:00:00', 'occupied', 'Business'),
(1373, 17, 'Saturday', '10:00:00', '11:30:00', 'occupied', 'Mathematics'),
(1374, 17, 'Saturday', '11:30:00', '13:00:00', 'available', 'Physics'),
(1375, 17, 'Saturday', '13:00:00', '14:30:00', 'occupied', 'Chemistry'),
(1376, 17, 'Saturday', '14:30:00', '16:00:00', 'occupied', 'Biology'),
(1377, 17, 'Saturday', '16:00:00', '17:30:00', 'occupied', 'English'),
(1378, 17, 'Saturday', '17:30:00', '19:00:00', 'available', 'Literature'),
(1379, 17, 'Saturday', '19:00:00', '20:30:00', 'occupied', 'History'),
(1380, 17, 'Saturday', '20:30:00', '21:00:00', 'occupied', 'Geography'),
(1381, 18, 'Monday', '07:00:00', '08:30:00', 'occupied', 'Political Science'),
(1382, 18, 'Monday', '08:30:00', '10:00:00', 'occupied', 'Art'),
(1383, 18, 'Monday', '10:00:00', '11:30:00', 'occupied', 'Music'),
(1384, 18, 'Monday', '11:30:00', '13:00:00', 'available', 'Business'),
(1385, 18, 'Monday', '13:00:00', '14:30:00', 'occupied', 'Mathematics'),
(1386, 18, 'Monday', '14:30:00', '16:00:00', 'occupied', 'Physics'),
(1387, 18, 'Monday', '16:00:00', '17:30:00', 'occupied', 'Chemistry'),
(1388, 18, 'Monday', '17:30:00', '19:00:00', 'available', 'Biology'),
(1389, 18, 'Monday', '19:00:00', '20:30:00', 'occupied', 'English'),
(1390, 18, 'Monday', '20:30:00', '21:00:00', 'occupied', 'Literature'),
(1391, 18, 'Tuesday', '07:00:00', '08:30:00', 'occupied', 'History'),
(1392, 18, 'Tuesday', '08:30:00', '10:00:00', 'occupied', 'Geography'),
(1393, 18, 'Tuesday', '10:00:00', '11:30:00', 'occupied', 'Economics'),
(1394, 18, 'Tuesday', '11:30:00', '13:00:00', 'available', 'Computer Science'),
(1395, 18, 'Tuesday', '13:00:00', '14:30:00', 'occupied', 'Engineering'),
(1396, 18, 'Tuesday', '14:30:00', '16:00:00', 'occupied', 'Medicine'),
(1397, 18, 'Tuesday', '16:00:00', '17:30:00', 'occupied', 'Law'),
(1398, 18, 'Tuesday', '17:30:00', '19:00:00', 'available', 'Philosophy'),
(1399, 18, 'Tuesday', '19:00:00', '20:30:00', 'occupied', 'Psychology'),
(1400, 18, 'Tuesday', '20:30:00', '21:00:00', 'occupied', 'Sociology'),
(1401, 18, 'Wednesday', '07:00:00', '08:30:00', 'occupied', 'Political Science'),
(1402, 18, 'Wednesday', '08:30:00', '10:00:00', 'occupied', 'Art'),
(1403, 18, 'Wednesday', '10:00:00', '11:30:00', 'occupied', 'Music'),
(1404, 18, 'Wednesday', '11:30:00', '13:00:00', 'available', 'Business'),
(1405, 18, 'Wednesday', '13:00:00', '14:30:00', 'occupied', 'Mathematics'),
(1406, 18, 'Wednesday', '14:30:00', '16:00:00', 'occupied', 'Physics'),
(1407, 18, 'Wednesday', '16:00:00', '17:30:00', 'occupied', 'Chemistry'),
(1408, 18, 'Wednesday', '17:30:00', '19:00:00', 'available', 'Biology'),
(1409, 18, 'Wednesday', '19:00:00', '20:30:00', 'occupied', 'English'),
(1410, 18, 'Wednesday', '20:30:00', '21:00:00', 'occupied', 'Literature'),
(1411, 18, 'Thursday', '07:00:00', '08:30:00', 'occupied', 'History'),
(1412, 18, 'Thursday', '08:30:00', '10:00:00', 'occupied', 'Geography'),
(1413, 18, 'Thursday', '10:00:00', '11:30:00', 'occupied', 'Economics'),
(1414, 18, 'Thursday', '11:30:00', '13:00:00', 'available', 'Computer Science'),
(1415, 18, 'Thursday', '13:00:00', '14:30:00', 'occupied', 'Engineering'),
(1416, 18, 'Thursday', '14:30:00', '16:00:00', 'occupied', 'Medicine'),
(1417, 18, 'Thursday', '16:00:00', '17:30:00', 'occupied', 'Law'),
(1418, 18, 'Thursday', '17:30:00', '19:00:00', 'available', 'Philosophy'),
(1419, 18, 'Thursday', '19:00:00', '20:30:00', 'occupied', 'Psychology'),
(1420, 18, 'Thursday', '20:30:00', '21:00:00', 'occupied', 'Sociology'),
(1421, 18, 'Friday', '07:00:00', '08:30:00', 'occupied', 'Political Science'),
(1422, 18, 'Friday', '08:30:00', '10:00:00', 'occupied', 'Art'),
(1423, 18, 'Friday', '10:00:00', '11:30:00', 'occupied', 'Music'),
(1424, 18, 'Friday', '11:30:00', '13:00:00', 'available', 'Business'),
(1425, 18, 'Friday', '13:00:00', '14:30:00', 'occupied', 'Mathematics'),
(1426, 18, 'Friday', '14:30:00', '16:00:00', 'occupied', 'Physics'),
(1427, 18, 'Friday', '16:00:00', '17:30:00', 'occupied', 'Chemistry'),
(1428, 18, 'Friday', '17:30:00', '19:00:00', 'available', 'Biology'),
(1429, 18, 'Friday', '19:00:00', '20:30:00', 'occupied', 'English'),
(1430, 18, 'Friday', '20:30:00', '21:00:00', 'occupied', 'Literature'),
(1431, 18, 'Saturday', '07:00:00', '08:30:00', 'occupied', 'History'),
(1432, 18, 'Saturday', '08:30:00', '10:00:00', 'occupied', 'Geography'),
(1433, 18, 'Saturday', '10:00:00', '11:30:00', 'occupied', 'Economics'),
(1434, 18, 'Saturday', '11:30:00', '13:00:00', 'available', 'Computer Science'),
(1435, 18, 'Saturday', '13:00:00', '14:30:00', 'occupied', 'Engineering'),
(1436, 18, 'Saturday', '14:30:00', '16:00:00', 'occupied', 'Medicine'),
(1437, 18, 'Saturday', '16:00:00', '17:30:00', 'occupied', 'Law'),
(1438, 18, 'Saturday', '17:30:00', '19:00:00', 'available', 'Philosophy'),
(1439, 18, 'Saturday', '19:00:00', '20:30:00', 'occupied', 'Psychology'),
(1440, 18, 'Saturday', '20:30:00', '21:00:00', 'occupied', 'Sociology'),
(1441, 19, 'Monday', '07:00:00', '08:30:00', 'occupied', 'Medicine'),
(1442, 19, 'Monday', '08:30:00', '10:00:00', 'available', 'Law'),
(1443, 19, 'Monday', '10:00:00', '11:30:00', 'occupied', 'Philosophy'),
(1444, 19, 'Monday', '11:30:00', '13:00:00', 'occupied', 'Psychology'),
(1445, 19, 'Monday', '13:00:00', '14:30:00', 'occupied', 'Sociology'),
(1446, 19, 'Monday', '14:30:00', '16:00:00', 'available', 'Political Science'),
(1447, 19, 'Monday', '16:00:00', '17:30:00', 'occupied', 'Art'),
(1448, 19, 'Monday', '17:30:00', '19:00:00', 'occupied', 'Music'),
(1449, 19, 'Monday', '19:00:00', '20:30:00', 'occupied', 'Business'),
(1450, 19, 'Monday', '20:30:00', '21:00:00', 'available', 'Mathematics'),
(1451, 19, 'Tuesday', '07:00:00', '08:30:00', 'occupied', 'Physics'),
(1452, 19, 'Tuesday', '08:30:00', '10:00:00', 'occupied', 'Chemistry'),
(1453, 19, 'Tuesday', '10:00:00', '11:30:00', 'occupied', 'Biology'),
(1454, 19, 'Tuesday', '11:30:00', '13:00:00', 'available', 'English'),
(1455, 19, 'Tuesday', '13:00:00', '14:30:00', 'occupied', 'Literature'),
(1456, 19, 'Tuesday', '14:30:00', '16:00:00', 'occupied', 'History'),
(1457, 19, 'Tuesday', '16:00:00', '17:30:00', 'occupied', 'Geography'),
(1458, 19, 'Tuesday', '17:30:00', '19:00:00', 'available', 'Economics'),
(1459, 19, 'Tuesday', '19:00:00', '20:30:00', 'occupied', 'Computer Science'),
(1460, 19, 'Tuesday', '20:30:00', '21:00:00', 'occupied', 'Engineering'),
(1461, 19, 'Wednesday', '07:00:00', '08:30:00', 'occupied', 'Medicine'),
(1462, 19, 'Wednesday', '08:30:00', '10:00:00', 'available', 'Law'),
(1463, 19, 'Wednesday', '10:00:00', '11:30:00', 'occupied', 'Philosophy'),
(1464, 19, 'Wednesday', '11:30:00', '13:00:00', 'occupied', 'Psychology'),
(1465, 19, 'Wednesday', '13:00:00', '14:30:00', 'occupied', 'Sociology'),
(1466, 19, 'Wednesday', '14:30:00', '16:00:00', 'available', 'Political Science'),
(1467, 19, 'Wednesday', '16:00:00', '17:30:00', 'occupied', 'Art'),
(1468, 19, 'Wednesday', '17:30:00', '19:00:00', 'occupied', 'Music'),
(1469, 19, 'Wednesday', '19:00:00', '20:30:00', 'occupied', 'Business'),
(1470, 19, 'Wednesday', '20:30:00', '21:00:00', 'available', 'Mathematics'),
(1471, 19, 'Thursday', '07:00:00', '08:30:00', 'occupied', 'Physics'),
(1472, 19, 'Thursday', '08:30:00', '10:00:00', 'occupied', 'Chemistry'),
(1473, 19, 'Thursday', '10:00:00', '11:30:00', 'occupied', 'Biology'),
(1474, 19, 'Thursday', '11:30:00', '13:00:00', 'available', 'English'),
(1475, 19, 'Thursday', '13:00:00', '14:30:00', 'occupied', 'Literature'),
(1476, 19, 'Thursday', '14:30:00', '16:00:00', 'occupied', 'History'),
(1477, 19, 'Thursday', '16:00:00', '17:30:00', 'occupied', 'Geography'),
(1478, 19, 'Thursday', '17:30:00', '19:00:00', 'available', 'Economics'),
(1479, 19, 'Thursday', '19:00:00', '20:30:00', 'occupied', 'Computer Science'),
(1480, 19, 'Thursday', '20:30:00', '21:00:00', 'occupied', 'Engineering'),
(1481, 19, 'Friday', '07:00:00', '08:30:00', 'occupied', 'Medicine'),
(1482, 19, 'Friday', '08:30:00', '10:00:00', 'available', 'Law'),
(1483, 19, 'Friday', '10:00:00', '11:30:00', 'occupied', 'Philosophy'),
(1484, 19, 'Friday', '11:30:00', '13:00:00', 'occupied', 'Psychology'),
(1485, 19, 'Friday', '13:00:00', '14:30:00', 'occupied', 'Sociology'),
(1486, 19, 'Friday', '14:30:00', '16:00:00', 'available', 'Political Science'),
(1487, 19, 'Friday', '16:00:00', '17:30:00', 'occupied', 'Art'),
(1488, 19, 'Friday', '17:30:00', '19:00:00', 'occupied', 'Music'),
(1489, 19, 'Friday', '19:00:00', '20:30:00', 'occupied', 'Business'),
(1490, 19, 'Friday', '20:30:00', '21:00:00', 'available', 'Mathematics'),
(1491, 19, 'Saturday', '07:00:00', '08:30:00', 'occupied', 'Physics'),
(1492, 19, 'Saturday', '08:30:00', '10:00:00', 'occupied', 'Chemistry'),
(1493, 19, 'Saturday', '10:00:00', '11:30:00', 'occupied', 'Biology'),
(1494, 19, 'Saturday', '11:30:00', '13:00:00', 'available', 'English'),
(1495, 19, 'Saturday', '13:00:00', '14:30:00', 'occupied', 'Literature'),
(1496, 19, 'Saturday', '14:30:00', '16:00:00', 'occupied', 'History'),
(1497, 19, 'Saturday', '16:00:00', '17:30:00', 'occupied', 'Geography'),
(1498, 19, 'Saturday', '17:30:00', '19:00:00', 'available', 'Economics'),
(1499, 19, 'Saturday', '19:00:00', '20:30:00', 'occupied', 'Computer Science'),
(1500, 19, 'Saturday', '20:30:00', '21:00:00', 'occupied', 'Engineering'),
(1501, 20, 'Monday', '07:00:00', '08:30:00', 'occupied', 'Business'),
(1502, 20, 'Monday', '08:30:00', '10:00:00', 'available', 'Mathematics'),
(1503, 20, 'Monday', '10:00:00', '11:30:00', 'occupied', 'Physics'),
(1504, 20, 'Monday', '11:30:00', '13:00:00', 'occupied', 'Chemistry'),
(1505, 20, 'Monday', '13:00:00', '14:30:00', 'occupied', 'Biology'),
(1506, 20, 'Monday', '14:30:00', '16:00:00', 'available', 'English'),
(1507, 20, 'Monday', '16:00:00', '17:30:00', 'occupied', 'Literature'),
(1508, 20, 'Monday', '17:30:00', '19:00:00', 'occupied', 'History'),
(1509, 20, 'Monday', '19:00:00', '20:30:00', 'occupied', 'Geography'),
(1510, 20, 'Monday', '20:30:00', '21:00:00', 'available', 'Economics'),
(1511, 20, 'Tuesday', '07:00:00', '08:30:00', 'occupied', 'Computer Science'),
(1512, 20, 'Tuesday', '08:30:00', '10:00:00', 'occupied', 'Engineering'),
(1513, 20, 'Tuesday', '10:00:00', '11:30:00', 'occupied', 'Medicine'),
(1514, 20, 'Tuesday', '11:30:00', '13:00:00', 'available', 'Law'),
(1515, 20, 'Tuesday', '13:00:00', '14:30:00', 'occupied', 'Philosophy'),
(1516, 20, 'Tuesday', '14:30:00', '16:00:00', 'occupied', 'Psychology'),
(1517, 20, 'Tuesday', '16:00:00', '17:30:00', 'occupied', 'Sociology'),
(1518, 20, 'Tuesday', '17:30:00', '19:00:00', 'available', 'Political Science'),
(1519, 20, 'Tuesday', '19:00:00', '20:30:00', 'occupied', 'Art'),
(1520, 20, 'Tuesday', '20:30:00', '21:00:00', 'occupied', 'Music'),
(1521, 20, 'Wednesday', '07:00:00', '08:30:00', 'occupied', 'Business'),
(1522, 20, 'Wednesday', '08:30:00', '10:00:00', 'available', 'Mathematics'),
(1523, 20, 'Wednesday', '10:00:00', '11:30:00', 'occupied', 'Physics'),
(1524, 20, 'Wednesday', '11:30:00', '13:00:00', 'occupied', 'Chemistry'),
(1525, 20, 'Wednesday', '13:00:00', '14:30:00', 'occupied', 'Biology'),
(1526, 20, 'Wednesday', '14:30:00', '16:00:00', 'available', 'English'),
(1527, 20, 'Wednesday', '16:00:00', '17:30:00', 'occupied', 'Literature'),
(1528, 20, 'Wednesday', '17:30:00', '19:00:00', 'occupied', 'History'),
(1529, 20, 'Wednesday', '19:00:00', '20:30:00', 'occupied', 'Geography'),
(1530, 20, 'Wednesday', '20:30:00', '21:00:00', 'available', 'Economics'),
(1531, 20, 'Thursday', '07:00:00', '08:30:00', 'occupied', 'Computer Science'),
(1532, 20, 'Thursday', '08:30:00', '10:00:00', 'occupied', 'Engineering'),
(1533, 20, 'Thursday', '10:00:00', '11:30:00', 'occupied', 'Medicine'),
(1534, 20, 'Thursday', '11:30:00', '13:00:00', 'available', 'Law'),
(1535, 20, 'Thursday', '13:00:00', '14:30:00', 'occupied', 'Philosophy'),
(1536, 20, 'Thursday', '14:30:00', '16:00:00', 'occupied', 'Psychology'),
(1537, 20, 'Thursday', '16:00:00', '17:30:00', 'occupied', 'Sociology'),
(1538, 20, 'Thursday', '17:30:00', '19:00:00', 'available', 'Political Science'),
(1539, 20, 'Thursday', '19:00:00', '20:30:00', 'occupied', 'Art'),
(1540, 20, 'Thursday', '20:30:00', '21:00:00', 'occupied', 'Music'),
(1541, 20, 'Friday', '07:00:00', '08:30:00', 'occupied', 'Business'),
(1542, 20, 'Friday', '08:30:00', '10:00:00', 'available', 'Mathematics'),
(1543, 20, 'Friday', '10:00:00', '11:30:00', 'occupied', 'Physics'),
(1544, 20, 'Friday', '11:30:00', '13:00:00', 'occupied', 'Chemistry'),
(1545, 20, 'Friday', '13:00:00', '14:30:00', 'occupied', 'Biology'),
(1546, 20, 'Friday', '14:30:00', '16:00:00', 'available', 'English'),
(1547, 20, 'Friday', '16:00:00', '17:30:00', 'occupied', 'Literature'),
(1548, 20, 'Friday', '17:30:00', '19:00:00', 'occupied', 'History'),
(1549, 20, 'Friday', '19:00:00', '20:30:00', 'occupied', 'Geography'),
(1550, 20, 'Friday', '20:30:00', '21:00:00', 'available', 'Economics'),
(1551, 20, 'Saturday', '07:00:00', '08:30:00', 'occupied', 'Computer Science'),
(1552, 20, 'Saturday', '08:30:00', '10:00:00', 'occupied', 'Engineering'),
(1553, 20, 'Saturday', '10:00:00', '11:30:00', 'occupied', 'Medicine'),
(1554, 20, 'Saturday', '11:30:00', '13:00:00', 'available', 'Law'),
(1555, 20, 'Saturday', '13:00:00', '14:30:00', 'occupied', 'Philosophy'),
(1556, 20, 'Saturday', '14:30:00', '16:00:00', 'occupied', 'Psychology'),
(1557, 20, 'Saturday', '16:00:00', '17:30:00', 'occupied', 'Sociology'),
(1558, 20, 'Saturday', '17:30:00', '19:00:00', 'available', 'Political Science'),
(1559, 20, 'Saturday', '19:00:00', '20:30:00', 'occupied', 'Art'),
(1560, 20, 'Saturday', '20:30:00', '21:00:00', 'occupied', 'Music'),
(1561, 21, 'Monday', '07:00:00', '08:30:00', 'occupied', 'Law'),
(1562, 21, 'Monday', '08:30:00', '10:00:00', 'available', 'Philosophy'),
(1563, 21, 'Monday', '10:00:00', '11:30:00', 'occupied', 'Psychology'),
(1564, 21, 'Monday', '11:30:00', '13:00:00', 'occupied', 'Sociology'),
(1565, 21, 'Monday', '13:00:00', '14:30:00', 'occupied', 'Political Science'),
(1566, 21, 'Monday', '14:30:00', '16:00:00', 'available', 'Art'),
(1567, 21, 'Monday', '16:00:00', '17:30:00', 'occupied', 'Music'),
(1568, 21, 'Monday', '17:30:00', '19:00:00', 'occupied', 'Business'),
(1569, 21, 'Monday', '19:00:00', '20:30:00', 'occupied', 'Mathematics'),
(1570, 21, 'Monday', '20:30:00', '21:00:00', 'available', 'Physics'),
(1571, 21, 'Tuesday', '07:00:00', '08:30:00', 'occupied', 'Chemistry'),
(1572, 21, 'Tuesday', '08:30:00', '10:00:00', 'occupied', 'Biology'),
(1573, 21, 'Tuesday', '10:00:00', '11:30:00', 'occupied', 'English'),
(1574, 21, 'Tuesday', '11:30:00', '13:00:00', 'available', 'Literature'),
(1575, 21, 'Tuesday', '13:00:00', '14:30:00', 'occupied', 'History'),
(1576, 21, 'Tuesday', '14:30:00', '16:00:00', 'occupied', 'Geography'),
(1577, 21, 'Tuesday', '16:00:00', '17:30:00', 'occupied', 'Economics'),
(1578, 21, 'Tuesday', '17:30:00', '19:00:00', 'available', 'Computer Science'),
(1579, 21, 'Tuesday', '19:00:00', '20:30:00', 'occupied', 'Engineering'),
(1580, 21, 'Tuesday', '20:30:00', '21:00:00', 'occupied', 'Medicine'),
(1581, 21, 'Wednesday', '07:00:00', '08:30:00', 'occupied', 'Law'),
(1582, 21, 'Wednesday', '08:30:00', '10:00:00', 'available', 'Philosophy'),
(1583, 21, 'Wednesday', '10:00:00', '11:30:00', 'occupied', 'Psychology'),
(1584, 21, 'Wednesday', '11:30:00', '13:00:00', 'occupied', 'Sociology'),
(1585, 21, 'Wednesday', '13:00:00', '14:30:00', 'occupied', 'Political Science'),
(1586, 21, 'Wednesday', '14:30:00', '16:00:00', 'available', 'Art'),
(1587, 21, 'Wednesday', '16:00:00', '17:30:00', 'occupied', 'Music'),
(1588, 21, 'Wednesday', '17:30:00', '19:00:00', 'occupied', 'Business'),
(1589, 21, 'Wednesday', '19:00:00', '20:30:00', 'occupied', 'Mathematics'),
(1590, 21, 'Wednesday', '20:30:00', '21:00:00', 'available', 'Physics'),
(1591, 21, 'Thursday', '07:00:00', '08:30:00', 'occupied', 'Chemistry'),
(1592, 21, 'Thursday', '08:30:00', '10:00:00', 'occupied', 'Biology'),
(1593, 21, 'Thursday', '10:00:00', '11:30:00', 'occupied', 'English'),
(1594, 21, 'Thursday', '11:30:00', '13:00:00', 'available', 'Literature'),
(1595, 21, 'Thursday', '13:00:00', '14:30:00', 'occupied', 'History'),
(1596, 21, 'Thursday', '14:30:00', '16:00:00', 'occupied', 'Geography'),
(1597, 21, 'Thursday', '16:00:00', '17:30:00', 'occupied', 'Economics'),
(1598, 21, 'Thursday', '17:30:00', '19:00:00', 'available', 'Computer Science'),
(1599, 21, 'Thursday', '19:00:00', '20:30:00', 'occupied', 'Engineering'),
(1600, 21, 'Thursday', '20:30:00', '21:00:00', 'occupied', 'Medicine'),
(1601, 21, 'Friday', '07:00:00', '08:30:00', 'occupied', 'Law'),
(1602, 21, 'Friday', '08:30:00', '10:00:00', 'available', 'Philosophy'),
(1603, 21, 'Friday', '10:00:00', '11:30:00', 'occupied', 'Psychology'),
(1604, 21, 'Friday', '11:30:00', '13:00:00', 'occupied', 'Sociology'),
(1605, 21, 'Friday', '13:00:00', '14:30:00', 'occupied', 'Political Science'),
(1606, 21, 'Friday', '14:30:00', '16:00:00', 'available', 'Art'),
(1607, 21, 'Friday', '16:00:00', '17:30:00', 'occupied', 'Music'),
(1608, 21, 'Friday', '17:30:00', '19:00:00', 'occupied', 'Business'),
(1609, 21, 'Friday', '19:00:00', '20:30:00', 'occupied', 'Mathematics'),
(1610, 21, 'Friday', '20:30:00', '21:00:00', 'available', 'Physics'),
(1611, 21, 'Saturday', '07:00:00', '08:30:00', 'occupied', 'Chemistry'),
(1612, 21, 'Saturday', '08:30:00', '10:00:00', 'occupied', 'Biology'),
(1613, 21, 'Saturday', '10:00:00', '11:30:00', 'occupied', 'English'),
(1614, 21, 'Saturday', '11:30:00', '13:00:00', 'available', 'Literature'),
(1615, 21, 'Saturday', '13:00:00', '14:30:00', 'occupied', 'History'),
(1616, 21, 'Saturday', '14:30:00', '16:00:00', 'occupied', 'Geography'),
(1617, 21, 'Saturday', '16:00:00', '17:30:00', 'occupied', 'Economics'),
(1618, 21, 'Saturday', '17:30:00', '19:00:00', 'available', 'Computer Science'),
(1619, 21, 'Saturday', '19:00:00', '20:30:00', 'occupied', 'Engineering'),
(1620, 21, 'Saturday', '20:30:00', '21:00:00', 'occupied', 'Medicine'),
(1621, 22, 'Monday', '07:00:00', '08:30:00', 'occupied', 'Psychology'),
(1622, 22, 'Monday', '08:30:00', '10:00:00', 'available', 'Sociology'),
(1623, 22, 'Monday', '10:00:00', '11:30:00', 'occupied', 'Political Science'),
(1624, 22, 'Monday', '11:30:00', '13:00:00', 'occupied', 'Art'),
(1625, 22, 'Monday', '13:00:00', '14:30:00', 'occupied', 'Music'),
(1626, 22, 'Monday', '14:30:00', '16:00:00', 'occupied', 'Business'),
(1627, 22, 'Monday', '16:00:00', '17:30:00', 'available', 'Mathematics'),
(1628, 22, 'Monday', '17:30:00', '19:00:00', 'occupied', 'Physics'),
(1629, 22, 'Monday', '19:00:00', '20:30:00', 'occupied', 'Chemistry'),
(1630, 22, 'Monday', '20:30:00', '21:00:00', 'available', 'Biology'),
(1631, 22, 'Tuesday', '07:00:00', '08:30:00', 'occupied', 'English'),
(1632, 22, 'Tuesday', '08:30:00', '10:00:00', 'occupied', 'Literature'),
(1633, 22, 'Tuesday', '10:00:00', '11:30:00', 'occupied', 'History'),
(1634, 22, 'Tuesday', '11:30:00', '13:00:00', 'available', 'Geography'),
(1635, 22, 'Tuesday', '13:00:00', '14:30:00', 'occupied', 'Economics'),
(1636, 22, 'Tuesday', '14:30:00', '16:00:00', 'occupied', 'Computer Science'),
(1637, 22, 'Tuesday', '16:00:00', '17:30:00', 'occupied', 'Engineering'),
(1638, 22, 'Tuesday', '17:30:00', '19:00:00', 'available', 'Medicine'),
(1639, 22, 'Tuesday', '19:00:00', '20:30:00', 'occupied', 'Law'),
(1640, 22, 'Tuesday', '20:30:00', '21:00:00', 'occupied', 'Philosophy'),
(1641, 22, 'Wednesday', '07:00:00', '08:30:00', 'occupied', 'Psychology'),
(1642, 22, 'Wednesday', '08:30:00', '10:00:00', 'available', 'Sociology'),
(1643, 22, 'Wednesday', '10:00:00', '11:30:00', 'occupied', 'Political Science'),
(1644, 22, 'Wednesday', '11:30:00', '13:00:00', 'occupied', 'Art'),
(1645, 22, 'Wednesday', '13:00:00', '14:30:00', 'occupied', 'Music'),
(1646, 22, 'Wednesday', '14:30:00', '16:00:00', 'occupied', 'Business'),
(1647, 22, 'Wednesday', '16:00:00', '17:30:00', 'available', 'Mathematics'),
(1648, 22, 'Wednesday', '17:30:00', '19:00:00', 'occupied', 'Physics'),
(1649, 22, 'Wednesday', '19:00:00', '20:30:00', 'occupied', 'Chemistry'),
(1650, 22, 'Wednesday', '20:30:00', '21:00:00', 'available', 'Biology'),
(1651, 22, 'Thursday', '07:00:00', '08:30:00', 'occupied', 'English'),
(1652, 22, 'Thursday', '08:30:00', '10:00:00', 'occupied', 'Literature'),
(1653, 22, 'Thursday', '10:00:00', '11:30:00', 'occupied', 'History'),
(1654, 22, 'Thursday', '11:30:00', '13:00:00', 'available', 'Geography'),
(1655, 22, 'Thursday', '13:00:00', '14:30:00', 'occupied', 'Economics'),
(1656, 22, 'Thursday', '14:30:00', '16:00:00', 'occupied', 'Computer Science'),
(1657, 22, 'Thursday', '16:00:00', '17:30:00', 'occupied', 'Engineering'),
(1658, 22, 'Thursday', '17:30:00', '19:00:00', 'available', 'Medicine'),
(1659, 22, 'Thursday', '19:00:00', '20:30:00', 'occupied', 'Law'),
(1660, 22, 'Thursday', '20:30:00', '21:00:00', 'occupied', 'Philosophy'),
(1661, 22, 'Friday', '07:00:00', '08:30:00', 'occupied', 'Psychology'),
(1662, 22, 'Friday', '08:30:00', '10:00:00', 'available', 'Sociology'),
(1663, 22, 'Friday', '10:00:00', '11:30:00', 'occupied', 'Political Science'),
(1664, 22, 'Friday', '11:30:00', '13:00:00', 'occupied', 'Art'),
(1665, 22, 'Friday', '13:00:00', '14:30:00', 'occupied', 'Music'),
(1666, 22, 'Friday', '14:30:00', '16:00:00', 'occupied', 'Business'),
(1667, 22, 'Friday', '16:00:00', '17:30:00', 'available', 'Mathematics'),
(1668, 22, 'Friday', '17:30:00', '19:00:00', 'occupied', 'Physics'),
(1669, 22, 'Friday', '19:00:00', '20:30:00', 'occupied', 'Chemistry'),
(1670, 22, 'Friday', '20:30:00', '21:00:00', 'available', 'Biology'),
(1671, 22, 'Saturday', '07:00:00', '08:30:00', 'occupied', 'English'),
(1672, 22, 'Saturday', '08:30:00', '10:00:00', 'occupied', 'Literature'),
(1673, 22, 'Saturday', '10:00:00', '11:30:00', 'occupied', 'History'),
(1674, 22, 'Saturday', '11:30:00', '13:00:00', 'available', 'Geography'),
(1675, 22, 'Saturday', '13:00:00', '14:30:00', 'occupied', 'Economics'),
(1676, 22, 'Saturday', '14:30:00', '16:00:00', 'occupied', 'Computer Science'),
(1677, 22, 'Saturday', '16:00:00', '17:30:00', 'occupied', 'Engineering'),
(1678, 22, 'Saturday', '17:30:00', '19:00:00', 'available', 'Medicine'),
(1679, 22, 'Saturday', '19:00:00', '20:30:00', 'occupied', 'Law'),
(1680, 22, 'Saturday', '20:30:00', '21:00:00', 'occupied', 'Philosophy'),
(1681, 23, 'Monday', '07:00:00', '08:30:00', 'occupied', 'Political Science'),
(1682, 23, 'Monday', '08:30:00', '10:00:00', 'available', 'Art'),
(1683, 23, 'Monday', '10:00:00', '11:30:00', 'occupied', 'Music'),
(1684, 23, 'Monday', '11:30:00', '13:00:00', 'occupied', 'Business'),
(1685, 23, 'Monday', '13:00:00', '14:30:00', 'occupied', 'Mathematics'),
(1686, 23, 'Monday', '14:30:00', '16:00:00', 'occupied', 'Physics'),
(1687, 23, 'Monday', '16:00:00', '17:30:00', 'available', 'Chemistry'),
(1688, 23, 'Monday', '17:30:00', '19:00:00', 'occupied', 'Biology'),
(1689, 23, 'Monday', '19:00:00', '20:30:00', 'occupied', 'English'),
(1690, 23, 'Monday', '20:30:00', '21:00:00', 'available', 'Literature'),
(1691, 23, 'Tuesday', '07:00:00', '08:30:00', 'occupied', 'History'),
(1692, 23, 'Tuesday', '08:30:00', '10:00:00', 'occupied', 'Geography'),
(1693, 23, 'Tuesday', '10:00:00', '11:30:00', 'occupied', 'Economics'),
(1694, 23, 'Tuesday', '11:30:00', '13:00:00', 'available', 'Computer Science'),
(1695, 23, 'Tuesday', '13:00:00', '14:30:00', 'occupied', 'Engineering'),
(1696, 23, 'Tuesday', '14:30:00', '16:00:00', 'occupied', 'Medicine'),
(1697, 23, 'Tuesday', '16:00:00', '17:30:00', 'occupied', 'Law'),
(1698, 23, 'Tuesday', '17:30:00', '19:00:00', 'available', 'Philosophy'),
(1699, 23, 'Tuesday', '19:00:00', '20:30:00', 'occupied', 'Psychology'),
(1700, 23, 'Tuesday', '20:30:00', '21:00:00', 'occupied', 'Sociology'),
(1701, 23, 'Wednesday', '07:00:00', '08:30:00', 'occupied', 'Political Science'),
(1702, 23, 'Wednesday', '08:30:00', '10:00:00', 'available', 'Art'),
(1703, 23, 'Wednesday', '10:00:00', '11:30:00', 'occupied', 'Music'),
(1704, 23, 'Wednesday', '11:30:00', '13:00:00', 'occupied', 'Business'),
(1705, 23, 'Wednesday', '13:00:00', '14:30:00', 'occupied', 'Mathematics'),
(1706, 23, 'Wednesday', '14:30:00', '16:00:00', 'occupied', 'Physics'),
(1707, 23, 'Wednesday', '16:00:00', '17:30:00', 'available', 'Chemistry'),
(1708, 23, 'Wednesday', '17:30:00', '19:00:00', 'occupied', 'Biology'),
(1709, 23, 'Wednesday', '19:00:00', '20:30:00', 'occupied', 'English'),
(1710, 23, 'Wednesday', '20:30:00', '21:00:00', 'available', 'Literature'),
(1711, 23, 'Thursday', '07:00:00', '08:30:00', 'occupied', 'History'),
(1712, 23, 'Thursday', '08:30:00', '10:00:00', 'occupied', 'Geography'),
(1713, 23, 'Thursday', '10:00:00', '11:30:00', 'occupied', 'Economics'),
(1714, 23, 'Thursday', '11:30:00', '13:00:00', 'available', 'Computer Science'),
(1715, 23, 'Thursday', '13:00:00', '14:30:00', 'occupied', 'Engineering'),
(1716, 23, 'Thursday', '14:30:00', '16:00:00', 'occupied', 'Medicine'),
(1717, 23, 'Thursday', '16:00:00', '17:30:00', 'occupied', 'Law'),
(1718, 23, 'Thursday', '17:30:00', '19:00:00', 'available', 'Philosophy'),
(1719, 23, 'Thursday', '19:00:00', '20:30:00', 'occupied', 'Psychology'),
(1720, 23, 'Thursday', '20:30:00', '21:00:00', 'occupied', 'Sociology'),
(1721, 23, 'Friday', '07:00:00', '08:30:00', 'occupied', 'Political Science'),
(1722, 23, 'Friday', '08:30:00', '10:00:00', 'available', 'Art'),
(1723, 23, 'Friday', '10:00:00', '11:30:00', 'occupied', 'Music'),
(1724, 23, 'Friday', '11:30:00', '13:00:00', 'occupied', 'Business'),
(1725, 23, 'Friday', '13:00:00', '14:30:00', 'occupied', 'Mathematics'),
(1726, 23, 'Friday', '14:30:00', '16:00:00', 'occupied', 'Physics'),
(1727, 23, 'Friday', '16:00:00', '17:30:00', 'available', 'Chemistry'),
(1728, 23, 'Friday', '17:30:00', '19:00:00', 'occupied', 'Biology'),
(1729, 23, 'Friday', '19:00:00', '20:30:00', 'occupied', 'English'),
(1730, 23, 'Friday', '20:30:00', '21:00:00', 'available', 'Literature'),
(1731, 23, 'Saturday', '07:00:00', '08:30:00', 'occupied', 'History'),
(1732, 23, 'Saturday', '08:30:00', '10:00:00', 'occupied', 'Geography'),
(1733, 23, 'Saturday', '10:00:00', '11:30:00', 'occupied', 'Economics'),
(1734, 23, 'Saturday', '11:30:00', '13:00:00', 'available', 'Computer Science'),
(1735, 23, 'Saturday', '13:00:00', '14:30:00', 'occupied', 'Engineering'),
(1736, 23, 'Saturday', '14:30:00', '16:00:00', 'occupied', 'Medicine'),
(1737, 23, 'Saturday', '16:00:00', '17:30:00', 'occupied', 'Law'),
(1738, 23, 'Saturday', '17:30:00', '19:00:00', 'available', 'Philosophy'),
(1739, 23, 'Saturday', '19:00:00', '20:30:00', 'occupied', 'Psychology'),
(1740, 23, 'Saturday', '20:30:00', '21:00:00', 'occupied', 'Sociology'),
(1741, 24, 'Monday', '07:00:00', '08:30:00', 'occupied', 'Chemistry'),
(1742, 24, 'Monday', '08:30:00', '10:00:00', 'available', 'Biology'),
(1743, 24, 'Monday', '10:00:00', '11:30:00', 'occupied', 'English'),
(1744, 24, 'Monday', '11:30:00', '13:00:00', 'occupied', 'Literature'),
(1745, 24, 'Monday', '13:00:00', '14:30:00', 'occupied', 'History'),
(1746, 24, 'Monday', '14:30:00', '16:00:00', 'occupied', 'Geography'),
(1747, 24, 'Monday', '16:00:00', '17:30:00', 'occupied', 'Economics'),
(1748, 24, 'Monday', '17:30:00', '19:00:00', 'available', 'Computer Science'),
(1749, 24, 'Monday', '19:00:00', '20:30:00', 'occupied', 'Engineering'),
(1750, 24, 'Monday', '20:30:00', '21:00:00', 'available', 'Medicine'),
(1751, 24, 'Tuesday', '07:00:00', '08:30:00', 'occupied', 'Law'),
(1752, 24, 'Tuesday', '08:30:00', '10:00:00', 'occupied', 'Philosophy'),
(1753, 24, 'Tuesday', '10:00:00', '11:30:00', 'occupied', 'Psychology'),
(1754, 24, 'Tuesday', '11:30:00', '13:00:00', 'available', 'Sociology'),
(1755, 24, 'Tuesday', '13:00:00', '14:30:00', 'occupied', 'Political Science'),
(1756, 24, 'Tuesday', '14:30:00', '16:00:00', 'occupied', 'Art'),
(1757, 24, 'Tuesday', '16:00:00', '17:30:00', 'occupied', 'Music'),
(1758, 24, 'Tuesday', '17:30:00', '19:00:00', 'available', 'Business'),
(1759, 24, 'Tuesday', '19:00:00', '20:30:00', 'occupied', 'Mathematics'),
(1760, 24, 'Tuesday', '20:30:00', '21:00:00', 'occupied', 'Physics'),
(1761, 24, 'Wednesday', '07:00:00', '08:30:00', 'occupied', 'Chemistry'),
(1762, 24, 'Wednesday', '08:30:00', '10:00:00', 'available', 'Biology'),
(1763, 24, 'Wednesday', '10:00:00', '11:30:00', 'occupied', 'English'),
(1764, 24, 'Wednesday', '11:30:00', '13:00:00', 'occupied', 'Literature'),
(1765, 24, 'Wednesday', '13:00:00', '14:30:00', 'occupied', 'History'),
(1766, 24, 'Wednesday', '14:30:00', '16:00:00', 'occupied', 'Geography'),
(1767, 24, 'Wednesday', '16:00:00', '17:30:00', 'occupied', 'Economics'),
(1768, 24, 'Wednesday', '17:30:00', '19:00:00', 'available', 'Computer Science'),
(1769, 24, 'Wednesday', '19:00:00', '20:30:00', 'occupied', 'Engineering'),
(1770, 24, 'Wednesday', '20:30:00', '21:00:00', 'available', 'Medicine'),
(1771, 24, 'Thursday', '07:00:00', '08:30:00', 'occupied', 'Law'),
(1772, 24, 'Thursday', '08:30:00', '10:00:00', 'occupied', 'Philosophy'),
(1773, 24, 'Thursday', '10:00:00', '11:30:00', 'occupied', 'Psychology'),
(1774, 24, 'Thursday', '11:30:00', '13:00:00', 'available', 'Sociology'),
(1775, 24, 'Thursday', '13:00:00', '14:30:00', 'occupied', 'Political Science'),
(1776, 24, 'Thursday', '14:30:00', '16:00:00', 'occupied', 'Art'),
(1777, 24, 'Thursday', '16:00:00', '17:30:00', 'occupied', 'Music'),
(1778, 24, 'Thursday', '17:30:00', '19:00:00', 'available', 'Business'),
(1779, 24, 'Thursday', '19:00:00', '20:30:00', 'occupied', 'Mathematics'),
(1780, 24, 'Thursday', '20:30:00', '21:00:00', 'occupied', 'Physics'),
(1781, 24, 'Friday', '07:00:00', '08:30:00', 'occupied', 'Chemistry'),
(1782, 24, 'Friday', '08:30:00', '10:00:00', 'available', 'Biology'),
(1783, 24, 'Friday', '10:00:00', '11:30:00', 'occupied', 'English'),
(1784, 24, 'Friday', '11:30:00', '13:00:00', 'occupied', 'Literature'),
(1785, 24, 'Friday', '13:00:00', '14:30:00', 'occupied', 'History'),
(1786, 24, 'Friday', '14:30:00', '16:00:00', 'occupied', 'Geography'),
(1787, 24, 'Friday', '16:00:00', '17:30:00', 'occupied', 'Economics'),
(1788, 24, 'Friday', '17:30:00', '19:00:00', 'available', 'Computer Science'),
(1789, 24, 'Friday', '19:00:00', '20:30:00', 'occupied', 'Engineering'),
(1790, 24, 'Friday', '20:30:00', '21:00:00', 'available', 'Medicine'),
(1791, 24, 'Saturday', '07:00:00', '08:30:00', 'occupied', 'Law'),
(1792, 24, 'Saturday', '08:30:00', '10:00:00', 'occupied', 'Philosophy'),
(1793, 24, 'Saturday', '10:00:00', '11:30:00', 'occupied', 'Psychology'),
(1794, 24, 'Saturday', '11:30:00', '13:00:00', 'available', 'Sociology'),
(1795, 24, 'Saturday', '13:00:00', '14:30:00', 'occupied', 'Political Science'),
(1796, 24, 'Saturday', '14:30:00', '16:00:00', 'occupied', 'Art'),
(1797, 24, 'Saturday', '16:00:00', '17:30:00', 'occupied', 'Music'),
(1798, 24, 'Saturday', '17:30:00', '19:00:00', 'available', 'Business'),
(1799, 24, 'Saturday', '19:00:00', '20:30:00', 'occupied', 'Mathematics'),
(1800, 24, 'Saturday', '20:30:00', '21:00:00', 'occupied', 'Physics'),
(1921, 25, 'Monday', '07:00:00', '08:30:00', 'occupied', 'Law'),
(1922, 25, 'Monday', '08:30:00', '10:00:00', 'available', 'Philosophy'),
(1923, 25, 'Monday', '10:00:00', '11:30:00', 'occupied', 'Psychology'),
(1924, 25, 'Monday', '11:30:00', '13:00:00', 'occupied', 'Sociology'),
(1925, 25, 'Monday', '13:00:00', '14:30:00', 'occupied', 'Political Science'),
(1926, 25, 'Monday', '14:30:00', '16:00:00', 'occupied', 'Art'),
(1927, 25, 'Monday', '16:00:00', '17:30:00', 'available', 'Music'),
(1928, 25, 'Monday', '17:30:00', '19:00:00', 'occupied', 'Business');
INSERT INTO `schedules` (`schedule_id`, `room_id`, `day_of_week`, `start_time`, `end_time`, `status`, `subject`) VALUES
(1929, 25, 'Monday', '19:00:00', '20:30:00', 'occupied', 'Mathematics'),
(1930, 25, 'Monday', '20:30:00', '21:00:00', 'available', 'Physics'),
(1931, 25, 'Tuesday', '07:00:00', '08:30:00', 'occupied', 'Chemistry'),
(1932, 25, 'Tuesday', '08:30:00', '10:00:00', 'available', 'Biology'),
(1933, 25, 'Tuesday', '10:00:00', '11:30:00', 'occupied', 'English'),
(1934, 25, 'Tuesday', '11:30:00', '13:00:00', 'occupied', 'Literature'),
(1935, 25, 'Tuesday', '13:00:00', '14:30:00', 'occupied', 'History'),
(1936, 25, 'Tuesday', '14:30:00', '16:00:00', 'occupied', 'Geography'),
(1937, 25, 'Tuesday', '16:00:00', '17:30:00', 'available', 'Economics'),
(1938, 25, 'Tuesday', '17:30:00', '19:00:00', 'occupied', 'Computer Science'),
(1939, 25, 'Tuesday', '19:00:00', '20:30:00', 'occupied', 'Engineering'),
(1940, 25, 'Tuesday', '20:30:00', '21:00:00', 'available', 'Medicine'),
(1941, 25, 'Wednesday', '07:00:00', '08:30:00', 'occupied', 'Law'),
(1942, 25, 'Wednesday', '08:30:00', '10:00:00', 'available', 'Philosophy'),
(1943, 25, 'Wednesday', '10:00:00', '11:30:00', 'occupied', 'Psychology'),
(1944, 25, 'Wednesday', '11:30:00', '13:00:00', 'occupied', 'Sociology'),
(1945, 25, 'Wednesday', '13:00:00', '14:30:00', 'occupied', 'Political Science'),
(1946, 25, 'Wednesday', '14:30:00', '16:00:00', 'occupied', 'Art'),
(1947, 25, 'Wednesday', '16:00:00', '17:30:00', 'available', 'Music'),
(1948, 25, 'Wednesday', '17:30:00', '19:00:00', 'occupied', 'Business'),
(1949, 25, 'Wednesday', '19:00:00', '20:30:00', 'occupied', 'Mathematics'),
(1950, 25, 'Wednesday', '20:30:00', '21:00:00', 'available', 'Physics'),
(1951, 25, 'Thursday', '07:00:00', '08:30:00', 'occupied', 'Chemistry'),
(1952, 25, 'Thursday', '08:30:00', '10:00:00', 'available', 'Biology'),
(1953, 25, 'Thursday', '10:00:00', '11:30:00', 'occupied', 'English'),
(1954, 25, 'Thursday', '11:30:00', '13:00:00', 'occupied', 'Literature'),
(1955, 25, 'Thursday', '13:00:00', '14:30:00', 'occupied', 'History'),
(1956, 25, 'Thursday', '14:30:00', '16:00:00', 'occupied', 'Geography'),
(1957, 25, 'Thursday', '16:00:00', '17:30:00', 'available', 'Economics'),
(1958, 25, 'Thursday', '17:30:00', '19:00:00', 'occupied', 'Computer Science'),
(1959, 25, 'Thursday', '19:00:00', '20:30:00', 'occupied', 'Engineering'),
(1960, 25, 'Thursday', '20:30:00', '21:00:00', 'available', 'Medicine'),
(1961, 25, 'Friday', '07:00:00', '08:30:00', 'occupied', 'Law'),
(1962, 25, 'Friday', '08:30:00', '10:00:00', 'available', 'Philosophy'),
(1963, 25, 'Friday', '10:00:00', '11:30:00', 'occupied', 'Psychology'),
(1964, 25, 'Friday', '11:30:00', '13:00:00', 'occupied', 'Sociology'),
(1965, 25, 'Friday', '13:00:00', '14:30:00', 'occupied', 'Political Science'),
(1966, 25, 'Friday', '14:30:00', '16:00:00', 'occupied', 'Art'),
(1967, 25, 'Friday', '16:00:00', '17:30:00', 'available', 'Music'),
(1968, 25, 'Friday', '17:30:00', '19:00:00', 'occupied', 'Business'),
(1969, 25, 'Friday', '19:00:00', '20:30:00', 'occupied', 'Mathematics'),
(1970, 25, 'Friday', '20:30:00', '21:00:00', 'available', 'Physics'),
(1971, 25, 'Saturday', '07:00:00', '08:30:00', 'occupied', 'Chemistry'),
(1972, 25, 'Saturday', '08:30:00', '10:00:00', 'available', 'Biology'),
(1973, 25, 'Saturday', '10:00:00', '11:30:00', 'occupied', 'English'),
(1974, 25, 'Saturday', '11:30:00', '13:00:00', 'occupied', 'Literature'),
(1975, 25, 'Saturday', '13:00:00', '14:30:00', 'occupied', 'History'),
(1976, 25, 'Saturday', '14:30:00', '16:00:00', 'occupied', 'Geography'),
(1977, 25, 'Saturday', '16:00:00', '17:30:00', 'available', 'Economics'),
(1978, 25, 'Saturday', '17:30:00', '19:00:00', 'occupied', 'Computer Science'),
(1979, 25, 'Saturday', '19:00:00', '20:30:00', 'occupied', 'Engineering'),
(1980, 25, 'Saturday', '20:30:00', '21:00:00', 'available', 'Medicine'),
(1981, 26, 'Monday', '07:00:00', '08:30:00', 'occupied', 'Philosophy'),
(1982, 26, 'Monday', '08:30:00', '10:00:00', 'available', 'Psychology'),
(1983, 26, 'Monday', '10:00:00', '11:30:00', 'occupied', 'Sociology'),
(1984, 26, 'Monday', '11:30:00', '13:00:00', 'occupied', 'Political Science'),
(1985, 26, 'Monday', '13:00:00', '14:30:00', 'occupied', 'Art'),
(1986, 26, 'Monday', '14:30:00', '16:00:00', 'occupied', 'Music'),
(1987, 26, 'Monday', '16:00:00', '17:30:00', 'available', 'Business'),
(1988, 26, 'Monday', '17:30:00', '19:00:00', 'occupied', 'Mathematics'),
(1989, 26, 'Monday', '19:00:00', '20:30:00', 'occupied', 'Physics'),
(1990, 26, 'Monday', '20:30:00', '21:00:00', 'available', 'Chemistry'),
(1991, 26, 'Tuesday', '07:00:00', '08:30:00', 'occupied', 'Biology'),
(1992, 26, 'Tuesday', '08:30:00', '10:00:00', 'available', 'English'),
(1993, 26, 'Tuesday', '10:00:00', '11:30:00', 'occupied', 'Literature'),
(1994, 26, 'Tuesday', '11:30:00', '13:00:00', 'occupied', 'History'),
(1995, 26, 'Tuesday', '13:00:00', '14:30:00', 'occupied', 'Geography'),
(1996, 26, 'Tuesday', '14:30:00', '16:00:00', 'occupied', 'Economics'),
(1997, 26, 'Tuesday', '16:00:00', '17:30:00', 'available', 'Computer Science'),
(1998, 26, 'Tuesday', '17:30:00', '19:00:00', 'occupied', 'Engineering'),
(1999, 26, 'Tuesday', '19:00:00', '20:30:00', 'occupied', 'Medicine'),
(2000, 26, 'Tuesday', '20:30:00', '21:00:00', 'available', 'Law'),
(2001, 26, 'Wednesday', '07:00:00', '08:30:00', 'occupied', 'Philosophy'),
(2002, 26, 'Wednesday', '08:30:00', '10:00:00', 'available', 'Psychology'),
(2003, 26, 'Wednesday', '10:00:00', '11:30:00', 'occupied', 'Sociology'),
(2004, 26, 'Wednesday', '11:30:00', '13:00:00', 'occupied', 'Political Science'),
(2005, 26, 'Wednesday', '13:00:00', '14:30:00', 'occupied', 'Art'),
(2006, 26, 'Wednesday', '14:30:00', '16:00:00', 'occupied', 'Music'),
(2007, 26, 'Wednesday', '16:00:00', '17:30:00', 'available', 'Business'),
(2008, 26, 'Wednesday', '17:30:00', '19:00:00', 'occupied', 'Mathematics'),
(2009, 26, 'Wednesday', '19:00:00', '20:30:00', 'occupied', 'Physics'),
(2010, 26, 'Wednesday', '20:30:00', '21:00:00', 'available', 'Chemistry'),
(2011, 26, 'Thursday', '07:00:00', '08:30:00', 'occupied', 'Biology'),
(2012, 26, 'Thursday', '08:30:00', '10:00:00', 'available', 'English'),
(2013, 26, 'Thursday', '10:00:00', '11:30:00', 'occupied', 'Literature'),
(2014, 26, 'Thursday', '11:30:00', '13:00:00', 'occupied', 'History'),
(2015, 26, 'Thursday', '13:00:00', '14:30:00', 'occupied', 'Geography'),
(2016, 26, 'Thursday', '14:30:00', '16:00:00', 'occupied', 'Economics'),
(2017, 26, 'Thursday', '16:00:00', '17:30:00', 'available', 'Computer Science'),
(2018, 26, 'Thursday', '17:30:00', '19:00:00', 'occupied', 'Engineering'),
(2019, 26, 'Thursday', '19:00:00', '20:30:00', 'occupied', 'Medicine'),
(2020, 26, 'Thursday', '20:30:00', '21:00:00', 'available', 'Law'),
(2021, 26, 'Friday', '07:00:00', '08:30:00', 'occupied', 'Philosophy'),
(2022, 26, 'Friday', '08:30:00', '10:00:00', 'available', 'Psychology'),
(2023, 26, 'Friday', '10:00:00', '11:30:00', 'occupied', 'Sociology'),
(2024, 26, 'Friday', '11:30:00', '13:00:00', 'occupied', 'Political Science'),
(2025, 26, 'Friday', '13:00:00', '14:30:00', 'occupied', 'Art'),
(2026, 26, 'Friday', '14:30:00', '16:00:00', 'occupied', 'Music'),
(2027, 26, 'Friday', '16:00:00', '17:30:00', 'available', 'Business'),
(2028, 26, 'Friday', '17:30:00', '19:00:00', 'occupied', 'Mathematics'),
(2029, 26, 'Friday', '19:00:00', '20:30:00', 'occupied', 'Physics'),
(2030, 26, 'Friday', '20:30:00', '21:00:00', 'available', 'Chemistry'),
(2031, 26, 'Saturday', '07:00:00', '08:30:00', 'occupied', 'Biology'),
(2032, 26, 'Saturday', '08:30:00', '10:00:00', 'available', 'English'),
(2033, 26, 'Saturday', '10:00:00', '11:30:00', 'occupied', 'Literature'),
(2034, 26, 'Saturday', '11:30:00', '13:00:00', 'occupied', 'History'),
(2035, 26, 'Saturday', '13:00:00', '14:30:00', 'occupied', 'Geography'),
(2036, 26, 'Saturday', '14:30:00', '16:00:00', 'occupied', 'Economics'),
(2037, 26, 'Saturday', '16:00:00', '17:30:00', 'available', 'Computer Science'),
(2038, 26, 'Saturday', '17:30:00', '19:00:00', 'occupied', 'Engineering'),
(2039, 26, 'Saturday', '19:00:00', '20:30:00', 'occupied', 'Medicine'),
(2040, 26, 'Saturday', '20:30:00', '21:00:00', 'available', 'Law'),
(2041, 27, 'Monday', '07:00:00', '08:30:00', 'occupied', 'Psychology'),
(2042, 27, 'Monday', '08:30:00', '10:00:00', 'available', 'Sociology'),
(2043, 27, 'Monday', '10:00:00', '11:30:00', 'occupied', 'Political Science'),
(2044, 27, 'Monday', '11:30:00', '13:00:00', 'occupied', 'Art'),
(2045, 27, 'Monday', '13:00:00', '14:30:00', 'occupied', 'Music'),
(2046, 27, 'Monday', '14:30:00', '16:00:00', 'available', 'Business'),
(2047, 27, 'Monday', '16:00:00', '17:30:00', 'occupied', 'Mathematics'),
(2048, 27, 'Monday', '17:30:00', '19:00:00', 'occupied', 'Physics'),
(2049, 27, 'Monday', '19:00:00', '20:30:00', 'available', 'Chemistry'),
(2050, 27, 'Monday', '20:30:00', '21:00:00', 'occupied', 'Biology'),
(2051, 27, 'Tuesday', '07:00:00', '08:30:00', 'occupied', 'English'),
(2052, 27, 'Tuesday', '08:30:00', '10:00:00', 'available', 'Literature'),
(2053, 27, 'Tuesday', '10:00:00', '11:30:00', 'occupied', 'History'),
(2054, 27, 'Tuesday', '11:30:00', '13:00:00', 'occupied', 'Geography'),
(2055, 27, 'Tuesday', '13:00:00', '14:30:00', 'occupied', 'Economics'),
(2056, 27, 'Tuesday', '14:30:00', '16:00:00', 'available', 'Computer Science'),
(2057, 27, 'Tuesday', '16:00:00', '17:30:00', 'occupied', 'Engineering'),
(2058, 27, 'Tuesday', '17:30:00', '19:00:00', 'occupied', 'Medicine'),
(2059, 27, 'Tuesday', '19:00:00', '20:30:00', 'available', 'Law'),
(2060, 27, 'Tuesday', '20:30:00', '21:00:00', 'occupied', 'Philosophy'),
(2061, 27, 'Wednesday', '07:00:00', '08:30:00', 'occupied', 'Psychology'),
(2062, 27, 'Wednesday', '08:30:00', '10:00:00', 'available', 'Sociology'),
(2063, 27, 'Wednesday', '10:00:00', '11:30:00', 'occupied', 'Political Science'),
(2064, 27, 'Wednesday', '11:30:00', '13:00:00', 'occupied', 'Art'),
(2065, 27, 'Wednesday', '13:00:00', '14:30:00', 'occupied', 'Music'),
(2066, 27, 'Wednesday', '14:30:00', '16:00:00', 'available', 'Business'),
(2067, 27, 'Wednesday', '16:00:00', '17:30:00', 'occupied', 'Mathematics'),
(2068, 27, 'Wednesday', '17:30:00', '19:00:00', 'occupied', 'Physics'),
(2069, 27, 'Wednesday', '19:00:00', '20:30:00', 'available', 'Chemistry'),
(2070, 27, 'Wednesday', '20:30:00', '21:00:00', 'occupied', 'Biology'),
(2071, 27, 'Thursday', '07:00:00', '08:30:00', 'occupied', 'English'),
(2072, 27, 'Thursday', '08:30:00', '10:00:00', 'available', 'Literature'),
(2073, 27, 'Thursday', '10:00:00', '11:30:00', 'occupied', 'History'),
(2074, 27, 'Thursday', '11:30:00', '13:00:00', 'occupied', 'Geography'),
(2075, 27, 'Thursday', '13:00:00', '14:30:00', 'occupied', 'Economics'),
(2076, 27, 'Thursday', '14:30:00', '16:00:00', 'available', 'Computer Science'),
(2077, 27, 'Thursday', '16:00:00', '17:30:00', 'occupied', 'Engineering'),
(2078, 27, 'Thursday', '17:30:00', '19:00:00', 'occupied', 'Medicine'),
(2079, 27, 'Thursday', '19:00:00', '20:30:00', 'available', 'Law'),
(2080, 27, 'Thursday', '20:30:00', '21:00:00', 'occupied', 'Philosophy'),
(2081, 27, 'Friday', '07:00:00', '08:30:00', 'occupied', 'Psychology'),
(2082, 27, 'Friday', '08:30:00', '10:00:00', 'available', 'Sociology'),
(2083, 27, 'Friday', '10:00:00', '11:30:00', 'occupied', 'Political Science'),
(2084, 27, 'Friday', '11:30:00', '13:00:00', 'occupied', 'Art'),
(2085, 27, 'Friday', '13:00:00', '14:30:00', 'occupied', 'Music'),
(2086, 27, 'Friday', '14:30:00', '16:00:00', 'available', 'Business'),
(2087, 27, 'Friday', '16:00:00', '17:30:00', 'occupied', 'Mathematics'),
(2088, 27, 'Friday', '17:30:00', '19:00:00', 'occupied', 'Physics'),
(2089, 27, 'Friday', '19:00:00', '20:30:00', 'available', 'Chemistry'),
(2090, 27, 'Friday', '20:30:00', '21:00:00', 'occupied', 'Biology'),
(2091, 27, 'Saturday', '07:00:00', '08:30:00', 'occupied', 'English'),
(2092, 27, 'Saturday', '08:30:00', '10:00:00', 'available', 'Literature'),
(2093, 27, 'Saturday', '10:00:00', '11:30:00', 'occupied', 'History'),
(2094, 27, 'Saturday', '11:30:00', '13:00:00', 'occupied', 'Geography'),
(2095, 27, 'Saturday', '13:00:00', '14:30:00', 'occupied', 'Economics'),
(2096, 27, 'Saturday', '14:30:00', '16:00:00', 'available', 'Computer Science'),
(2097, 27, 'Saturday', '16:00:00', '17:30:00', 'occupied', 'Engineering'),
(2098, 27, 'Saturday', '17:30:00', '19:00:00', 'occupied', 'Medicine'),
(2099, 27, 'Saturday', '19:00:00', '20:30:00', 'available', 'Law'),
(2100, 27, 'Saturday', '20:30:00', '21:00:00', 'occupied', 'Philosophy'),
(2101, 28, 'Monday', '07:00:00', '08:30:00', 'occupied', 'Economics'),
(2102, 28, 'Monday', '08:30:00', '10:00:00', 'available', 'Computer Science'),
(2103, 28, 'Monday', '10:00:00', '11:30:00', 'occupied', 'Engineering'),
(2104, 28, 'Monday', '11:30:00', '13:00:00', 'occupied', 'Medicine'),
(2105, 28, 'Monday', '13:00:00', '14:30:00', 'occupied', 'Law'),
(2106, 28, 'Monday', '14:30:00', '16:00:00', 'occupied', 'Philosophy'),
(2107, 28, 'Monday', '16:00:00', '17:30:00', 'available', 'Psychology'),
(2108, 28, 'Monday', '17:30:00', '19:00:00', 'occupied', 'Sociology'),
(2109, 28, 'Monday', '19:00:00', '20:30:00', 'occupied', 'Political Science'),
(2110, 28, 'Monday', '20:30:00', '21:00:00', 'available', 'Art'),
(2111, 28, 'Tuesday', '07:00:00', '08:30:00', 'occupied', 'Music'),
(2112, 28, 'Tuesday', '08:30:00', '10:00:00', 'available', 'Business'),
(2113, 28, 'Tuesday', '10:00:00', '11:30:00', 'occupied', 'Mathematics'),
(2114, 28, 'Tuesday', '11:30:00', '13:00:00', 'occupied', 'Physics'),
(2115, 28, 'Tuesday', '13:00:00', '14:30:00', 'occupied', 'Chemistry'),
(2116, 28, 'Tuesday', '14:30:00', '16:00:00', 'available', 'Biology'),
(2117, 28, 'Tuesday', '16:00:00', '17:30:00', 'occupied', 'English'),
(2118, 28, 'Tuesday', '17:30:00', '19:00:00', 'occupied', 'Literature'),
(2119, 28, 'Tuesday', '19:00:00', '20:30:00', 'available', 'History'),
(2120, 28, 'Tuesday', '20:30:00', '21:00:00', 'occupied', 'Geography'),
(2121, 28, 'Wednesday', '07:00:00', '08:30:00', 'occupied', 'Economics'),
(2122, 28, 'Wednesday', '08:30:00', '10:00:00', 'available', 'Computer Science'),
(2123, 28, 'Wednesday', '10:00:00', '11:30:00', 'occupied', 'Engineering'),
(2124, 28, 'Wednesday', '11:30:00', '13:00:00', 'occupied', 'Medicine'),
(2125, 28, 'Wednesday', '13:00:00', '14:30:00', 'occupied', 'Law'),
(2126, 28, 'Wednesday', '14:30:00', '16:00:00', 'occupied', 'Philosophy'),
(2127, 28, 'Wednesday', '16:00:00', '17:30:00', 'available', 'Psychology'),
(2128, 28, 'Wednesday', '17:30:00', '19:00:00', 'occupied', 'Sociology'),
(2129, 28, 'Wednesday', '19:00:00', '20:30:00', 'occupied', 'Political Science'),
(2130, 28, 'Wednesday', '20:30:00', '21:00:00', 'available', 'Art'),
(2131, 28, 'Thursday', '07:00:00', '08:30:00', 'occupied', 'Music'),
(2132, 28, 'Thursday', '08:30:00', '10:00:00', 'available', 'Business'),
(2133, 28, 'Thursday', '10:00:00', '11:30:00', 'occupied', 'Mathematics'),
(2134, 28, 'Thursday', '11:30:00', '13:00:00', 'occupied', 'Physics'),
(2135, 28, 'Thursday', '13:00:00', '14:30:00', 'occupied', 'Chemistry'),
(2136, 28, 'Thursday', '14:30:00', '16:00:00', 'available', 'Biology'),
(2137, 28, 'Thursday', '16:00:00', '17:30:00', 'occupied', 'English'),
(2138, 28, 'Thursday', '17:30:00', '19:00:00', 'occupied', 'Literature'),
(2139, 28, 'Thursday', '19:00:00', '20:30:00', 'available', 'History'),
(2140, 28, 'Thursday', '20:30:00', '21:00:00', 'occupied', 'Geography'),
(2141, 28, 'Friday', '07:00:00', '08:30:00', 'occupied', 'Economics'),
(2142, 28, 'Friday', '08:30:00', '10:00:00', 'available', 'Computer Science'),
(2143, 28, 'Friday', '10:00:00', '11:30:00', 'occupied', 'Engineering'),
(2144, 28, 'Friday', '11:30:00', '13:00:00', 'occupied', 'Medicine'),
(2145, 28, 'Friday', '13:00:00', '14:30:00', 'occupied', 'Law'),
(2146, 28, 'Friday', '14:30:00', '16:00:00', 'occupied', 'Philosophy'),
(2147, 28, 'Friday', '16:00:00', '17:30:00', 'available', 'Psychology'),
(2148, 28, 'Friday', '17:30:00', '19:00:00', 'occupied', 'Sociology'),
(2149, 28, 'Friday', '19:00:00', '20:30:00', 'occupied', 'Political Science'),
(2150, 28, 'Friday', '20:30:00', '21:00:00', 'available', 'Art'),
(2151, 28, 'Saturday', '07:00:00', '08:30:00', 'occupied', 'Music'),
(2152, 28, 'Saturday', '08:30:00', '10:00:00', 'available', 'Business'),
(2153, 28, 'Saturday', '10:00:00', '11:30:00', 'occupied', 'Mathematics'),
(2154, 28, 'Saturday', '11:30:00', '13:00:00', 'occupied', 'Physics'),
(2155, 28, 'Saturday', '13:00:00', '14:30:00', 'occupied', 'Chemistry'),
(2156, 28, 'Saturday', '14:30:00', '16:00:00', 'available', 'Biology'),
(2157, 28, 'Saturday', '16:00:00', '17:30:00', 'occupied', 'English'),
(2158, 28, 'Saturday', '17:30:00', '19:00:00', 'occupied', 'Literature'),
(2159, 28, 'Saturday', '19:00:00', '20:30:00', 'available', 'History'),
(2160, 28, 'Saturday', '20:30:00', '21:00:00', 'occupied', 'Geography'),
(2161, 29, 'Monday', '07:00:00', '08:30:00', 'occupied', 'Economics'),
(2162, 29, 'Monday', '08:30:00', '10:00:00', 'available', 'Computer Science'),
(2163, 29, 'Monday', '10:00:00', '11:30:00', 'occupied', 'Engineering'),
(2164, 29, 'Monday', '11:30:00', '13:00:00', 'occupied', 'Medicine'),
(2165, 29, 'Monday', '13:00:00', '14:30:00', 'occupied', 'Law'),
(2166, 29, 'Monday', '14:30:00', '16:00:00', 'occupied', 'Philosophy'),
(2167, 29, 'Monday', '16:00:00', '17:30:00', 'available', 'Psychology'),
(2168, 29, 'Monday', '17:30:00', '19:00:00', 'occupied', 'Sociology'),
(2169, 29, 'Monday', '19:00:00', '20:30:00', 'occupied', 'Political Science'),
(2170, 29, 'Monday', '20:30:00', '21:00:00', 'available', 'Art'),
(2171, 29, 'Tuesday', '07:00:00', '08:30:00', 'occupied', 'Music'),
(2172, 29, 'Tuesday', '08:30:00', '10:00:00', 'available', 'Business'),
(2173, 29, 'Tuesday', '10:00:00', '11:30:00', 'occupied', 'Mathematics'),
(2174, 29, 'Tuesday', '11:30:00', '13:00:00', 'occupied', 'Physics'),
(2175, 29, 'Tuesday', '13:00:00', '14:30:00', 'occupied', 'Chemistry'),
(2176, 29, 'Tuesday', '14:30:00', '16:00:00', 'available', 'Biology'),
(2177, 29, 'Tuesday', '16:00:00', '17:30:00', 'occupied', 'English'),
(2178, 29, 'Tuesday', '17:30:00', '19:00:00', 'occupied', 'Literature'),
(2179, 29, 'Tuesday', '19:00:00', '20:30:00', 'available', 'History'),
(2180, 29, 'Tuesday', '20:30:00', '21:00:00', 'occupied', 'Geography'),
(2181, 29, 'Wednesday', '07:00:00', '08:30:00', 'occupied', 'Economics'),
(2182, 29, 'Wednesday', '08:30:00', '10:00:00', 'available', 'Computer Science'),
(2183, 29, 'Wednesday', '10:00:00', '11:30:00', 'occupied', 'Engineering'),
(2184, 29, 'Wednesday', '11:30:00', '13:00:00', 'occupied', 'Medicine'),
(2185, 29, 'Wednesday', '13:00:00', '14:30:00', 'occupied', 'Law'),
(2186, 29, 'Wednesday', '14:30:00', '16:00:00', 'occupied', 'Philosophy'),
(2187, 29, 'Wednesday', '16:00:00', '17:30:00', 'available', 'Psychology'),
(2188, 29, 'Wednesday', '17:30:00', '19:00:00', 'occupied', 'Sociology'),
(2189, 29, 'Wednesday', '19:00:00', '20:30:00', 'occupied', 'Political Science'),
(2190, 29, 'Wednesday', '20:30:00', '21:00:00', 'available', 'Art'),
(2191, 29, 'Thursday', '07:00:00', '08:30:00', 'occupied', 'Music'),
(2192, 29, 'Thursday', '08:30:00', '10:00:00', 'available', 'Business'),
(2193, 29, 'Thursday', '10:00:00', '11:30:00', 'occupied', 'Mathematics'),
(2194, 29, 'Thursday', '11:30:00', '13:00:00', 'occupied', 'Physics'),
(2195, 29, 'Thursday', '13:00:00', '14:30:00', 'occupied', 'Chemistry'),
(2196, 29, 'Thursday', '14:30:00', '16:00:00', 'available', 'Biology'),
(2197, 29, 'Thursday', '16:00:00', '17:30:00', 'occupied', 'English'),
(2198, 29, 'Thursday', '17:30:00', '19:00:00', 'occupied', 'Literature'),
(2199, 29, 'Thursday', '19:00:00', '20:30:00', 'available', 'History'),
(2200, 29, 'Thursday', '20:30:00', '21:00:00', 'occupied', 'Geography'),
(2201, 29, 'Friday', '07:00:00', '08:30:00', 'occupied', 'Economics'),
(2202, 29, 'Friday', '08:30:00', '10:00:00', 'available', 'Computer Science'),
(2203, 29, 'Friday', '10:00:00', '11:30:00', 'occupied', 'Engineering'),
(2204, 29, 'Friday', '11:30:00', '13:00:00', 'occupied', 'Medicine'),
(2205, 29, 'Friday', '13:00:00', '14:30:00', 'occupied', 'Law'),
(2206, 29, 'Friday', '14:30:00', '16:00:00', 'occupied', 'Philosophy'),
(2207, 29, 'Friday', '16:00:00', '17:30:00', 'available', 'Psychology'),
(2208, 29, 'Friday', '17:30:00', '19:00:00', 'occupied', 'Sociology'),
(2209, 29, 'Friday', '19:00:00', '20:30:00', 'occupied', 'Political Science'),
(2210, 29, 'Friday', '20:30:00', '21:00:00', 'available', 'Art'),
(2211, 29, 'Saturday', '07:00:00', '08:30:00', 'occupied', 'Music'),
(2212, 29, 'Saturday', '08:30:00', '10:00:00', 'available', 'Business'),
(2213, 29, 'Saturday', '10:00:00', '11:30:00', 'occupied', 'Mathematics'),
(2214, 29, 'Saturday', '11:30:00', '13:00:00', 'occupied', 'Physics'),
(2215, 29, 'Saturday', '13:00:00', '14:30:00', 'occupied', 'Chemistry'),
(2216, 29, 'Saturday', '14:30:00', '16:00:00', 'available', 'Biology'),
(2217, 29, 'Saturday', '16:00:00', '17:30:00', 'occupied', 'English'),
(2218, 29, 'Saturday', '17:30:00', '19:00:00', 'occupied', 'Literature'),
(2219, 29, 'Saturday', '19:00:00', '20:30:00', 'available', 'History'),
(2220, 29, 'Saturday', '20:30:00', '21:00:00', 'occupied', 'Geography'),
(2221, 30, 'Monday', '07:00:00', '08:30:00', 'occupied', 'Law'),
(2222, 30, 'Monday', '08:30:00', '10:00:00', 'available', 'Philosophy'),
(2223, 30, 'Monday', '10:00:00', '11:30:00', 'occupied', 'Psychology'),
(2224, 30, 'Monday', '11:30:00', '13:00:00', 'occupied', 'Sociology'),
(2225, 30, 'Monday', '13:00:00', '14:30:00', 'occupied', 'Political Science'),
(2226, 30, 'Monday', '14:30:00', '16:00:00', 'occupied', 'Art'),
(2227, 30, 'Monday', '16:00:00', '17:30:00', 'available', 'Music'),
(2228, 30, 'Monday', '17:30:00', '19:00:00', 'occupied', 'Business'),
(2229, 30, 'Monday', '19:00:00', '20:30:00', 'occupied', 'Mathematics'),
(2230, 30, 'Monday', '20:30:00', '21:00:00', 'available', 'Physics'),
(2231, 30, 'Tuesday', '07:00:00', '08:30:00', 'occupied', 'Chemistry'),
(2232, 30, 'Tuesday', '08:30:00', '10:00:00', 'available', 'Biology'),
(2233, 30, 'Tuesday', '10:00:00', '11:30:00', 'occupied', 'English'),
(2234, 30, 'Tuesday', '11:30:00', '13:00:00', 'occupied', 'Literature'),
(2235, 30, 'Tuesday', '13:00:00', '14:30:00', 'occupied', 'History'),
(2236, 30, 'Tuesday', '14:30:00', '16:00:00', 'occupied', 'Geography'),
(2237, 30, 'Tuesday', '16:00:00', '17:30:00', 'available', 'Economics'),
(2238, 30, 'Tuesday', '17:30:00', '19:00:00', 'occupied', 'Computer Science'),
(2239, 30, 'Tuesday', '19:00:00', '20:30:00', 'occupied', 'Engineering'),
(2240, 30, 'Tuesday', '20:30:00', '21:00:00', 'available', 'Medicine'),
(2241, 30, 'Wednesday', '07:00:00', '08:30:00', 'occupied', 'Law'),
(2242, 30, 'Wednesday', '08:30:00', '10:00:00', 'available', 'Philosophy'),
(2243, 30, 'Wednesday', '10:00:00', '11:30:00', 'occupied', 'Psychology'),
(2244, 30, 'Wednesday', '11:30:00', '13:00:00', 'occupied', 'Sociology'),
(2245, 30, 'Wednesday', '13:00:00', '14:30:00', 'occupied', 'Political Science'),
(2246, 30, 'Wednesday', '14:30:00', '16:00:00', 'occupied', 'Art'),
(2247, 30, 'Wednesday', '16:00:00', '17:30:00', 'available', 'Music'),
(2248, 30, 'Wednesday', '17:30:00', '19:00:00', 'occupied', 'Business'),
(2249, 30, 'Wednesday', '19:00:00', '20:30:00', 'occupied', 'Mathematics'),
(2250, 30, 'Wednesday', '20:30:00', '21:00:00', 'available', 'Physics'),
(2251, 30, 'Thursday', '07:00:00', '08:30:00', 'occupied', 'Chemistry'),
(2252, 30, 'Thursday', '08:30:00', '10:00:00', 'available', 'Biology'),
(2253, 30, 'Thursday', '10:00:00', '11:30:00', 'occupied', 'English'),
(2254, 30, 'Thursday', '11:30:00', '13:00:00', 'occupied', 'Literature'),
(2255, 30, 'Thursday', '13:00:00', '14:30:00', 'occupied', 'History'),
(2256, 30, 'Thursday', '14:30:00', '16:00:00', 'occupied', 'Geography'),
(2257, 30, 'Thursday', '16:00:00', '17:30:00', 'available', 'Economics'),
(2258, 30, 'Thursday', '17:30:00', '19:00:00', 'occupied', 'Computer Science'),
(2259, 30, 'Thursday', '19:00:00', '20:30:00', 'occupied', 'Engineering'),
(2260, 30, 'Thursday', '20:30:00', '21:00:00', 'available', 'Medicine'),
(2261, 30, 'Friday', '07:00:00', '08:30:00', 'occupied', 'Law'),
(2262, 30, 'Friday', '08:30:00', '10:00:00', 'available', 'Philosophy'),
(2263, 30, 'Friday', '10:00:00', '11:30:00', 'occupied', 'Psychology'),
(2264, 30, 'Friday', '11:30:00', '13:00:00', 'occupied', 'Sociology'),
(2265, 30, 'Friday', '13:00:00', '14:30:00', 'occupied', 'Political Science'),
(2266, 30, 'Friday', '14:30:00', '16:00:00', 'occupied', 'Art'),
(2267, 30, 'Friday', '16:00:00', '17:30:00', 'available', 'Music'),
(2268, 30, 'Friday', '17:30:00', '19:00:00', 'occupied', 'Business'),
(2269, 30, 'Friday', '19:00:00', '20:30:00', 'occupied', 'Mathematics'),
(2270, 30, 'Friday', '20:30:00', '21:00:00', 'available', 'Physics'),
(2271, 30, 'Saturday', '07:00:00', '08:30:00', 'occupied', 'Chemistry'),
(2272, 30, 'Saturday', '08:30:00', '10:00:00', 'available', 'Biology'),
(2273, 30, 'Saturday', '10:00:00', '11:30:00', 'occupied', 'English'),
(2274, 30, 'Saturday', '11:30:00', '13:00:00', 'occupied', 'Literature'),
(2275, 30, 'Saturday', '13:00:00', '14:30:00', 'occupied', 'History'),
(2276, 30, 'Saturday', '14:30:00', '16:00:00', 'occupied', 'Geography'),
(2277, 30, 'Saturday', '16:00:00', '17:30:00', 'available', 'Economics'),
(2278, 30, 'Saturday', '17:30:00', '19:00:00', 'occupied', 'Computer Science'),
(2279, 30, 'Saturday', '19:00:00', '20:30:00', 'occupied', 'Engineering'),
(2280, 30, 'Saturday', '20:30:00', '21:00:00', 'available', 'Medicine'),
(2281, 31, 'Monday', '07:00:00', '08:30:00', 'occupied', 'Law'),
(2282, 31, 'Monday', '08:30:00', '10:00:00', 'available', 'Philosophy'),
(2283, 31, 'Monday', '10:00:00', '11:30:00', 'occupied', 'Psychology'),
(2284, 31, 'Monday', '11:30:00', '13:00:00', 'occupied', 'Sociology'),
(2285, 31, 'Monday', '13:00:00', '14:30:00', 'occupied', 'Political Science'),
(2286, 31, 'Monday', '14:30:00', '16:00:00', 'occupied', 'Art'),
(2287, 31, 'Monday', '16:00:00', '17:30:00', 'available', 'Music'),
(2288, 31, 'Monday', '17:30:00', '19:00:00', 'occupied', 'Business'),
(2289, 31, 'Monday', '19:00:00', '20:30:00', 'occupied', 'Mathematics'),
(2290, 31, 'Monday', '20:30:00', '21:00:00', 'available', 'Physics'),
(2291, 31, 'Tuesday', '07:00:00', '08:30:00', 'occupied', 'Chemistry'),
(2292, 31, 'Tuesday', '08:30:00', '10:00:00', 'available', 'Biology'),
(2293, 31, 'Tuesday', '10:00:00', '11:30:00', 'occupied', 'English'),
(2294, 31, 'Tuesday', '11:30:00', '13:00:00', 'occupied', 'Literature'),
(2295, 31, 'Tuesday', '13:00:00', '14:30:00', 'occupied', 'History'),
(2296, 31, 'Tuesday', '14:30:00', '16:00:00', 'occupied', 'Geography'),
(2297, 31, 'Tuesday', '16:00:00', '17:30:00', 'available', 'Economics'),
(2298, 31, 'Tuesday', '17:30:00', '19:00:00', 'occupied', 'Computer Science'),
(2299, 31, 'Tuesday', '19:00:00', '20:30:00', 'occupied', 'Engineering'),
(2300, 31, 'Tuesday', '20:30:00', '21:00:00', 'available', 'Medicine'),
(2301, 31, 'Wednesday', '07:00:00', '08:30:00', 'occupied', 'Law'),
(2302, 31, 'Wednesday', '08:30:00', '10:00:00', 'available', 'Philosophy'),
(2303, 31, 'Wednesday', '10:00:00', '11:30:00', 'occupied', 'Psychology'),
(2304, 31, 'Wednesday', '11:30:00', '13:00:00', 'occupied', 'Sociology'),
(2305, 31, 'Wednesday', '13:00:00', '14:30:00', 'occupied', 'Political Science'),
(2306, 31, 'Wednesday', '14:30:00', '16:00:00', 'occupied', 'Art'),
(2307, 31, 'Wednesday', '16:00:00', '17:30:00', 'available', 'Music'),
(2308, 31, 'Wednesday', '17:30:00', '19:00:00', 'occupied', 'Business'),
(2309, 31, 'Wednesday', '19:00:00', '20:30:00', 'occupied', 'Mathematics'),
(2310, 31, 'Wednesday', '20:30:00', '21:00:00', 'available', 'Physics'),
(2311, 31, 'Thursday', '07:00:00', '08:30:00', 'occupied', 'Chemistry'),
(2312, 31, 'Thursday', '08:30:00', '10:00:00', 'available', 'Biology'),
(2313, 31, 'Thursday', '10:00:00', '11:30:00', 'occupied', 'English'),
(2314, 31, 'Thursday', '11:30:00', '13:00:00', 'occupied', 'Literature'),
(2315, 31, 'Thursday', '13:00:00', '14:30:00', 'occupied', 'History'),
(2316, 31, 'Thursday', '14:30:00', '16:00:00', 'occupied', 'Geography'),
(2317, 31, 'Thursday', '16:00:00', '17:30:00', 'available', 'Economics'),
(2318, 31, 'Thursday', '17:30:00', '19:00:00', 'occupied', 'Computer Science'),
(2319, 31, 'Thursday', '19:00:00', '20:30:00', 'occupied', 'Engineering'),
(2320, 31, 'Thursday', '20:30:00', '21:00:00', 'available', 'Medicine'),
(2321, 31, 'Friday', '07:00:00', '08:30:00', 'occupied', 'Law'),
(2322, 31, 'Friday', '08:30:00', '10:00:00', 'available', 'Philosophy'),
(2323, 31, 'Friday', '10:00:00', '11:30:00', 'occupied', 'Psychology'),
(2324, 31, 'Friday', '11:30:00', '13:00:00', 'occupied', 'Sociology'),
(2325, 31, 'Friday', '13:00:00', '14:30:00', 'occupied', 'Political Science'),
(2326, 31, 'Friday', '14:30:00', '16:00:00', 'occupied', 'Art'),
(2327, 31, 'Friday', '16:00:00', '17:30:00', 'available', 'Music'),
(2328, 31, 'Friday', '17:30:00', '19:00:00', 'occupied', 'Business'),
(2329, 31, 'Friday', '19:00:00', '20:30:00', 'occupied', 'Mathematics'),
(2330, 31, 'Friday', '20:30:00', '21:00:00', 'available', 'Physics'),
(2331, 31, 'Saturday', '07:00:00', '08:30:00', 'occupied', 'Chemistry'),
(2332, 31, 'Saturday', '08:30:00', '10:00:00', 'available', 'Biology'),
(2333, 31, 'Saturday', '10:00:00', '11:30:00', 'occupied', 'English'),
(2334, 31, 'Saturday', '11:30:00', '13:00:00', 'occupied', 'Literature'),
(2335, 31, 'Saturday', '13:00:00', '14:30:00', 'occupied', 'History'),
(2336, 31, 'Saturday', '14:30:00', '16:00:00', 'occupied', 'Geography'),
(2337, 31, 'Saturday', '16:00:00', '17:30:00', 'available', 'Economics'),
(2338, 31, 'Saturday', '17:30:00', '19:00:00', 'occupied', 'Computer Science'),
(2339, 31, 'Saturday', '19:00:00', '20:30:00', 'occupied', 'Engineering'),
(2340, 31, 'Saturday', '20:30:00', '21:00:00', 'available', 'Medicine'),
(2341, 32, 'Monday', '07:00:00', '08:30:00', 'occupied', 'Law'),
(2342, 32, 'Monday', '08:30:00', '10:00:00', 'available', 'Philosophy'),
(2343, 32, 'Monday', '10:00:00', '11:30:00', 'occupied', 'Psychology'),
(2344, 32, 'Monday', '11:30:00', '13:00:00', 'occupied', 'Sociology'),
(2345, 32, 'Monday', '13:00:00', '14:30:00', 'occupied', 'Political Science'),
(2346, 32, 'Monday', '14:30:00', '16:00:00', 'occupied', 'Art'),
(2347, 32, 'Monday', '16:00:00', '17:30:00', 'available', 'Music'),
(2348, 32, 'Monday', '17:30:00', '19:00:00', 'occupied', 'Business'),
(2349, 32, 'Monday', '19:00:00', '20:30:00', 'occupied', 'Mathematics'),
(2350, 32, 'Monday', '20:30:00', '21:00:00', 'available', 'Physics'),
(2351, 32, 'Tuesday', '07:00:00', '08:30:00', 'occupied', 'Chemistry'),
(2352, 32, 'Tuesday', '08:30:00', '10:00:00', 'available', 'Biology'),
(2353, 32, 'Tuesday', '10:00:00', '11:30:00', 'occupied', 'English'),
(2354, 32, 'Tuesday', '11:30:00', '13:00:00', 'occupied', 'Literature'),
(2355, 32, 'Tuesday', '13:00:00', '14:30:00', 'occupied', 'History'),
(2356, 32, 'Tuesday', '14:30:00', '16:00:00', 'occupied', 'Geography'),
(2357, 32, 'Tuesday', '16:00:00', '17:30:00', 'available', 'Economics'),
(2358, 32, 'Tuesday', '17:30:00', '19:00:00', 'occupied', 'Computer Science'),
(2359, 32, 'Tuesday', '19:00:00', '20:30:00', 'occupied', 'Engineering'),
(2360, 32, 'Tuesday', '20:30:00', '21:00:00', 'available', 'Medicine'),
(2361, 32, 'Wednesday', '07:00:00', '08:30:00', 'occupied', 'Law'),
(2362, 32, 'Wednesday', '08:30:00', '10:00:00', 'available', 'Philosophy'),
(2363, 32, 'Wednesday', '10:00:00', '11:30:00', 'occupied', 'Psychology'),
(2364, 32, 'Wednesday', '11:30:00', '13:00:00', 'occupied', 'Sociology'),
(2365, 32, 'Wednesday', '13:00:00', '14:30:00', 'occupied', 'Political Science'),
(2366, 32, 'Wednesday', '14:30:00', '16:00:00', 'occupied', 'Art'),
(2367, 32, 'Wednesday', '16:00:00', '17:30:00', 'available', 'Music'),
(2368, 32, 'Wednesday', '17:30:00', '19:00:00', 'occupied', 'Business'),
(2369, 32, 'Wednesday', '19:00:00', '20:30:00', 'occupied', 'Mathematics'),
(2370, 32, 'Wednesday', '20:30:00', '21:00:00', 'available', 'Physics'),
(2371, 32, 'Thursday', '07:00:00', '08:30:00', 'occupied', 'Chemistry'),
(2372, 32, 'Thursday', '08:30:00', '10:00:00', 'available', 'Biology'),
(2373, 32, 'Thursday', '10:00:00', '11:30:00', 'occupied', 'English'),
(2374, 32, 'Thursday', '11:30:00', '13:00:00', 'occupied', 'Literature'),
(2375, 32, 'Thursday', '13:00:00', '14:30:00', 'occupied', 'History'),
(2376, 32, 'Thursday', '14:30:00', '16:00:00', 'occupied', 'Geography'),
(2377, 32, 'Thursday', '16:00:00', '17:30:00', 'available', 'Economics'),
(2378, 32, 'Thursday', '17:30:00', '19:00:00', 'occupied', 'Computer Science'),
(2379, 32, 'Thursday', '19:00:00', '20:30:00', 'occupied', 'Engineering'),
(2380, 32, 'Thursday', '20:30:00', '21:00:00', 'available', 'Medicine'),
(2381, 32, 'Friday', '07:00:00', '08:30:00', 'occupied', 'Law'),
(2382, 32, 'Friday', '08:30:00', '10:00:00', 'available', 'Philosophy'),
(2383, 32, 'Friday', '10:00:00', '11:30:00', 'occupied', 'Psychology'),
(2384, 32, 'Friday', '11:30:00', '13:00:00', 'occupied', 'Sociology'),
(2385, 32, 'Friday', '13:00:00', '14:30:00', 'occupied', 'Political Science'),
(2386, 32, 'Friday', '14:30:00', '16:00:00', 'occupied', 'Art'),
(2387, 32, 'Friday', '16:00:00', '17:30:00', 'available', 'Music'),
(2388, 32, 'Friday', '17:30:00', '19:00:00', 'occupied', 'Business'),
(2389, 32, 'Friday', '19:00:00', '20:30:00', 'occupied', 'Mathematics'),
(2390, 32, 'Friday', '20:30:00', '21:00:00', 'available', 'Physics'),
(2391, 32, 'Saturday', '07:00:00', '08:30:00', 'occupied', 'Chemistry'),
(2392, 32, 'Saturday', '08:30:00', '10:00:00', 'available', 'Biology'),
(2393, 32, 'Saturday', '10:00:00', '11:30:00', 'occupied', 'English'),
(2394, 32, 'Saturday', '11:30:00', '13:00:00', 'occupied', 'Literature'),
(2395, 32, 'Saturday', '13:00:00', '14:30:00', 'occupied', 'History'),
(2396, 32, 'Saturday', '14:30:00', '16:00:00', 'occupied', 'Geography'),
(2397, 32, 'Saturday', '16:00:00', '17:30:00', 'available', 'Economics'),
(2398, 32, 'Saturday', '17:30:00', '19:00:00', 'occupied', 'Computer Science'),
(2399, 32, 'Saturday', '19:00:00', '20:30:00', 'occupied', 'Engineering'),
(2400, 32, 'Saturday', '20:30:00', '21:00:00', 'available', 'Medicine'),
(2401, 33, 'Monday', '07:00:00', '08:30:00', 'occupied', 'Law'),
(2402, 33, 'Monday', '08:30:00', '10:00:00', 'available', 'Philosophy'),
(2403, 33, 'Monday', '10:00:00', '11:30:00', 'occupied', 'Psychology'),
(2404, 33, 'Monday', '11:30:00', '13:00:00', 'occupied', 'Sociology'),
(2405, 33, 'Monday', '13:00:00', '14:30:00', 'occupied', 'Political Science'),
(2406, 33, 'Monday', '14:30:00', '16:00:00', 'occupied', 'Art'),
(2407, 33, 'Monday', '16:00:00', '17:30:00', 'available', 'Music'),
(2408, 33, 'Monday', '17:30:00', '19:00:00', 'occupied', 'Business'),
(2409, 33, 'Monday', '19:00:00', '20:30:00', 'occupied', 'Mathematics'),
(2410, 33, 'Monday', '20:30:00', '21:00:00', 'available', 'Physics'),
(2411, 33, 'Tuesday', '07:00:00', '08:30:00', 'occupied', 'Chemistry'),
(2412, 33, 'Tuesday', '08:30:00', '10:00:00', 'available', 'Biology'),
(2413, 33, 'Tuesday', '10:00:00', '11:30:00', 'occupied', 'English'),
(2414, 33, 'Tuesday', '11:30:00', '13:00:00', 'occupied', 'Literature'),
(2415, 33, 'Tuesday', '13:00:00', '14:30:00', 'occupied', 'History'),
(2416, 33, 'Tuesday', '14:30:00', '16:00:00', 'occupied', 'Geography'),
(2417, 33, 'Tuesday', '16:00:00', '17:30:00', 'available', 'Economics'),
(2418, 33, 'Tuesday', '17:30:00', '19:00:00', 'occupied', 'Computer Science'),
(2419, 33, 'Tuesday', '19:00:00', '20:30:00', 'occupied', 'Engineering'),
(2420, 33, 'Tuesday', '20:30:00', '21:00:00', 'available', 'Medicine'),
(2421, 33, 'Wednesday', '07:00:00', '08:30:00', 'occupied', 'Law'),
(2422, 33, 'Wednesday', '08:30:00', '10:00:00', 'available', 'Philosophy'),
(2423, 33, 'Wednesday', '10:00:00', '11:30:00', 'occupied', 'Psychology'),
(2424, 33, 'Wednesday', '11:30:00', '13:00:00', 'occupied', 'Sociology'),
(2425, 33, 'Wednesday', '13:00:00', '14:30:00', 'occupied', 'Political Science'),
(2426, 33, 'Wednesday', '14:30:00', '16:00:00', 'occupied', 'Art'),
(2427, 33, 'Wednesday', '16:00:00', '17:30:00', 'available', 'Music'),
(2428, 33, 'Wednesday', '17:30:00', '19:00:00', 'occupied', 'Business'),
(2429, 33, 'Wednesday', '19:00:00', '20:30:00', 'occupied', 'Mathematics'),
(2430, 33, 'Wednesday', '20:30:00', '21:00:00', 'available', 'Physics'),
(2431, 33, 'Thursday', '07:00:00', '08:30:00', 'occupied', 'Chemistry'),
(2432, 33, 'Thursday', '08:30:00', '10:00:00', 'available', 'Biology'),
(2433, 33, 'Thursday', '10:00:00', '11:30:00', 'occupied', 'English'),
(2434, 33, 'Thursday', '11:30:00', '13:00:00', 'occupied', 'Literature'),
(2435, 33, 'Thursday', '13:00:00', '14:30:00', 'occupied', 'History'),
(2436, 33, 'Thursday', '14:30:00', '16:00:00', 'occupied', 'Geography'),
(2437, 33, 'Thursday', '16:00:00', '17:30:00', 'available', 'Economics'),
(2438, 33, 'Thursday', '17:30:00', '19:00:00', 'occupied', 'Computer Science'),
(2439, 33, 'Thursday', '19:00:00', '20:30:00', 'occupied', 'Engineering'),
(2440, 33, 'Thursday', '20:30:00', '21:00:00', 'available', 'Medicine'),
(2441, 33, 'Friday', '07:00:00', '08:30:00', 'occupied', 'Law'),
(2442, 33, 'Friday', '08:30:00', '10:00:00', 'available', 'Philosophy'),
(2443, 33, 'Friday', '10:00:00', '11:30:00', 'occupied', 'Psychology'),
(2444, 33, 'Friday', '11:30:00', '13:00:00', 'occupied', 'Sociology'),
(2445, 33, 'Friday', '13:00:00', '14:30:00', 'occupied', 'Political Science'),
(2446, 33, 'Friday', '14:30:00', '16:00:00', 'occupied', 'Art'),
(2447, 33, 'Friday', '16:00:00', '17:30:00', 'available', 'Music'),
(2448, 33, 'Friday', '17:30:00', '19:00:00', 'occupied', 'Business'),
(2449, 33, 'Friday', '19:00:00', '20:30:00', 'occupied', 'Mathematics'),
(2450, 33, 'Friday', '20:30:00', '21:00:00', 'available', 'Physics'),
(2451, 33, 'Saturday', '07:00:00', '08:30:00', 'occupied', 'Chemistry'),
(2452, 33, 'Saturday', '08:30:00', '10:00:00', 'available', 'Biology'),
(2453, 33, 'Saturday', '10:00:00', '11:30:00', 'occupied', 'English'),
(2454, 33, 'Saturday', '11:30:00', '13:00:00', 'occupied', 'Literature'),
(2455, 33, 'Saturday', '13:00:00', '14:30:00', 'occupied', 'History'),
(2456, 33, 'Saturday', '14:30:00', '16:00:00', 'occupied', 'Geography'),
(2457, 33, 'Saturday', '16:00:00', '17:30:00', 'available', 'Economics'),
(2458, 33, 'Saturday', '17:30:00', '19:00:00', 'occupied', 'Computer Science'),
(2459, 33, 'Saturday', '19:00:00', '20:30:00', 'occupied', 'Engineering'),
(2460, 33, 'Saturday', '20:30:00', '21:00:00', 'available', 'Medicine'),
(2461, 34, 'Monday', '07:00:00', '08:30:00', 'occupied', 'Law'),
(2462, 34, 'Monday', '08:30:00', '10:00:00', 'available', 'Philosophy'),
(2463, 34, 'Monday', '10:00:00', '11:30:00', 'occupied', 'Psychology'),
(2464, 34, 'Monday', '11:30:00', '13:00:00', 'occupied', 'Sociology'),
(2465, 34, 'Monday', '13:00:00', '14:30:00', 'occupied', 'Political Science'),
(2466, 34, 'Monday', '14:30:00', '16:00:00', 'occupied', 'Art'),
(2467, 34, 'Monday', '16:00:00', '17:30:00', 'available', 'Music'),
(2468, 34, 'Monday', '17:30:00', '19:00:00', 'occupied', 'Business'),
(2469, 34, 'Monday', '19:00:00', '20:30:00', 'occupied', 'Mathematics'),
(2470, 34, 'Monday', '20:30:00', '21:00:00', 'available', 'Physics'),
(2471, 34, 'Tuesday', '07:00:00', '08:30:00', 'occupied', 'Chemistry'),
(2472, 34, 'Tuesday', '08:30:00', '10:00:00', 'available', 'Biology'),
(2473, 34, 'Tuesday', '10:00:00', '11:30:00', 'occupied', 'English'),
(2474, 34, 'Tuesday', '11:30:00', '13:00:00', 'occupied', 'Literature'),
(2475, 34, 'Tuesday', '13:00:00', '14:30:00', 'occupied', 'History'),
(2476, 34, 'Tuesday', '14:30:00', '16:00:00', 'occupied', 'Geography'),
(2477, 34, 'Tuesday', '16:00:00', '17:30:00', 'available', 'Economics'),
(2478, 34, 'Tuesday', '17:30:00', '19:00:00', 'occupied', 'Computer Science'),
(2479, 34, 'Tuesday', '19:00:00', '20:30:00', 'occupied', 'Engineering'),
(2480, 34, 'Tuesday', '20:30:00', '21:00:00', 'available', 'Medicine'),
(2481, 34, 'Wednesday', '07:00:00', '08:30:00', 'occupied', 'Law'),
(2482, 34, 'Wednesday', '08:30:00', '10:00:00', 'available', 'Philosophy'),
(2483, 34, 'Wednesday', '10:00:00', '11:30:00', 'occupied', 'Psychology'),
(2484, 34, 'Wednesday', '11:30:00', '13:00:00', 'occupied', 'Sociology'),
(2485, 34, 'Wednesday', '13:00:00', '14:30:00', 'occupied', 'Political Science'),
(2486, 34, 'Wednesday', '14:30:00', '16:00:00', 'occupied', 'Art'),
(2487, 34, 'Wednesday', '16:00:00', '17:30:00', 'available', 'Music'),
(2488, 34, 'Wednesday', '17:30:00', '19:00:00', 'occupied', 'Business'),
(2489, 34, 'Wednesday', '19:00:00', '20:30:00', 'occupied', 'Mathematics'),
(2490, 34, 'Wednesday', '20:30:00', '21:00:00', 'available', 'Physics'),
(2491, 34, 'Thursday', '07:00:00', '08:30:00', 'occupied', 'Chemistry'),
(2492, 34, 'Thursday', '08:30:00', '10:00:00', 'available', 'Biology'),
(2493, 34, 'Thursday', '10:00:00', '11:30:00', 'occupied', 'English'),
(2494, 34, 'Thursday', '11:30:00', '13:00:00', 'occupied', 'Literature'),
(2495, 34, 'Thursday', '13:00:00', '14:30:00', 'occupied', 'History'),
(2496, 34, 'Thursday', '14:30:00', '16:00:00', 'occupied', 'Geography'),
(2497, 34, 'Thursday', '16:00:00', '17:30:00', 'available', 'Economics'),
(2498, 34, 'Thursday', '17:30:00', '19:00:00', 'occupied', 'Computer Science'),
(2499, 34, 'Thursday', '19:00:00', '20:30:00', 'occupied', 'Engineering'),
(2500, 34, 'Thursday', '20:30:00', '21:00:00', 'available', 'Medicine'),
(2501, 34, 'Friday', '07:00:00', '08:30:00', 'occupied', 'Law'),
(2502, 34, 'Friday', '08:30:00', '10:00:00', 'available', 'Philosophy'),
(2503, 34, 'Friday', '10:00:00', '11:30:00', 'occupied', 'Psychology'),
(2504, 34, 'Friday', '11:30:00', '13:00:00', 'occupied', 'Sociology'),
(2505, 34, 'Friday', '13:00:00', '14:30:00', 'occupied', 'Political Science'),
(2506, 34, 'Friday', '14:30:00', '16:00:00', 'occupied', 'Art'),
(2507, 34, 'Friday', '16:00:00', '17:30:00', 'available', 'Music'),
(2508, 34, 'Friday', '17:30:00', '19:00:00', 'occupied', 'Business'),
(2509, 34, 'Friday', '19:00:00', '20:30:00', 'occupied', 'Mathematics'),
(2510, 34, 'Friday', '20:30:00', '21:00:00', 'available', 'Physics'),
(2511, 34, 'Saturday', '07:00:00', '08:30:00', 'occupied', 'Chemistry'),
(2512, 34, 'Saturday', '08:30:00', '10:00:00', 'available', 'Biology'),
(2513, 34, 'Saturday', '10:00:00', '11:30:00', 'occupied', 'English'),
(2514, 34, 'Saturday', '11:30:00', '13:00:00', 'occupied', 'Literature'),
(2515, 34, 'Saturday', '13:00:00', '14:30:00', 'occupied', 'History'),
(2516, 34, 'Saturday', '14:30:00', '16:00:00', 'occupied', 'Geography'),
(2517, 34, 'Saturday', '16:00:00', '17:30:00', 'available', 'Economics'),
(2518, 34, 'Saturday', '17:30:00', '19:00:00', 'occupied', 'Computer Science'),
(2519, 34, 'Saturday', '19:00:00', '20:30:00', 'occupied', 'Engineering'),
(2520, 34, 'Saturday', '20:30:00', '21:00:00', 'available', 'Medicine'),
(2521, 35, 'Monday', '07:00:00', '08:30:00', 'occupied', 'Law'),
(2522, 35, 'Monday', '08:30:00', '10:00:00', 'available', 'Philosophy'),
(2523, 35, 'Monday', '10:00:00', '11:30:00', 'occupied', 'Psychology'),
(2524, 35, 'Monday', '11:30:00', '13:00:00', 'occupied', 'Sociology'),
(2525, 35, 'Monday', '13:00:00', '14:30:00', 'occupied', 'Political Science'),
(2526, 35, 'Monday', '14:30:00', '16:00:00', 'occupied', 'Art'),
(2527, 35, 'Monday', '16:00:00', '17:30:00', 'available', 'Music'),
(2528, 35, 'Monday', '17:30:00', '19:00:00', 'occupied', 'Business'),
(2529, 35, 'Monday', '19:00:00', '20:30:00', 'occupied', 'Mathematics'),
(2530, 35, 'Monday', '20:30:00', '21:00:00', 'available', 'Physics'),
(2531, 35, 'Tuesday', '07:00:00', '08:30:00', 'occupied', 'Chemistry'),
(2532, 35, 'Tuesday', '08:30:00', '10:00:00', 'available', 'Biology'),
(2533, 35, 'Tuesday', '10:00:00', '11:30:00', 'occupied', 'English'),
(2534, 35, 'Tuesday', '11:30:00', '13:00:00', 'occupied', 'Literature'),
(2535, 35, 'Tuesday', '13:00:00', '14:30:00', 'occupied', 'History'),
(2536, 35, 'Tuesday', '14:30:00', '16:00:00', 'occupied', 'Geography'),
(2537, 35, 'Tuesday', '16:00:00', '17:30:00', 'available', 'Economics'),
(2538, 35, 'Tuesday', '17:30:00', '19:00:00', 'occupied', 'Computer Science'),
(2539, 35, 'Tuesday', '19:00:00', '20:30:00', 'occupied', 'Engineering'),
(2540, 35, 'Tuesday', '20:30:00', '21:00:00', 'available', 'Medicine'),
(2541, 35, 'Wednesday', '07:00:00', '08:30:00', 'occupied', 'Law'),
(2542, 35, 'Wednesday', '08:30:00', '10:00:00', 'available', 'Philosophy'),
(2543, 35, 'Wednesday', '10:00:00', '11:30:00', 'occupied', 'Psychology'),
(2544, 35, 'Wednesday', '11:30:00', '13:00:00', 'occupied', 'Sociology'),
(2545, 35, 'Wednesday', '13:00:00', '14:30:00', 'occupied', 'Political Science'),
(2546, 35, 'Wednesday', '14:30:00', '16:00:00', 'occupied', 'Art'),
(2547, 35, 'Wednesday', '16:00:00', '17:30:00', 'available', 'Music'),
(2548, 35, 'Wednesday', '17:30:00', '19:00:00', 'occupied', 'Business'),
(2549, 35, 'Wednesday', '19:00:00', '20:30:00', 'occupied', 'Mathematics'),
(2550, 35, 'Wednesday', '20:30:00', '21:00:00', 'available', 'Physics'),
(2551, 35, 'Thursday', '07:00:00', '08:30:00', 'occupied', 'Chemistry'),
(2552, 35, 'Thursday', '08:30:00', '10:00:00', 'available', 'Biology'),
(2553, 35, 'Thursday', '10:00:00', '11:30:00', 'occupied', 'English'),
(2554, 35, 'Thursday', '11:30:00', '13:00:00', 'occupied', 'Literature'),
(2555, 35, 'Thursday', '13:00:00', '14:30:00', 'occupied', 'History'),
(2556, 35, 'Thursday', '14:30:00', '16:00:00', 'occupied', 'Geography'),
(2557, 35, 'Thursday', '16:00:00', '17:30:00', 'available', 'Economics'),
(2558, 35, 'Thursday', '17:30:00', '19:00:00', 'occupied', 'Computer Science'),
(2559, 35, 'Thursday', '19:00:00', '20:30:00', 'occupied', 'Engineering'),
(2560, 35, 'Thursday', '20:30:00', '21:00:00', 'available', 'Medicine'),
(2561, 35, 'Friday', '07:00:00', '08:30:00', 'occupied', 'Law'),
(2562, 35, 'Friday', '08:30:00', '10:00:00', 'available', 'Philosophy'),
(2563, 35, 'Friday', '10:00:00', '11:30:00', 'occupied', 'Psychology'),
(2564, 35, 'Friday', '11:30:00', '13:00:00', 'occupied', 'Sociology'),
(2565, 35, 'Friday', '13:00:00', '14:30:00', 'occupied', 'Political Science'),
(2566, 35, 'Friday', '14:30:00', '16:00:00', 'occupied', 'Art'),
(2567, 35, 'Friday', '16:00:00', '17:30:00', 'available', 'Music'),
(2568, 35, 'Friday', '17:30:00', '19:00:00', 'occupied', 'Business'),
(2569, 35, 'Friday', '19:00:00', '20:30:00', 'occupied', 'Mathematics'),
(2570, 35, 'Friday', '20:30:00', '21:00:00', 'available', 'Physics'),
(2571, 35, 'Saturday', '07:00:00', '08:30:00', 'occupied', 'Chemistry'),
(2572, 35, 'Saturday', '08:30:00', '10:00:00', 'available', 'Biology'),
(2573, 35, 'Saturday', '10:00:00', '11:30:00', 'occupied', 'English'),
(2574, 35, 'Saturday', '11:30:00', '13:00:00', 'occupied', 'Literature'),
(2575, 35, 'Saturday', '13:00:00', '14:30:00', 'occupied', 'History'),
(2576, 35, 'Saturday', '14:30:00', '16:00:00', 'occupied', 'Geography'),
(2577, 35, 'Saturday', '16:00:00', '17:30:00', 'available', 'Economics'),
(2578, 35, 'Saturday', '17:30:00', '19:00:00', 'occupied', 'Computer Science'),
(2579, 35, 'Saturday', '19:00:00', '20:30:00', 'occupied', 'Engineering'),
(2580, 35, 'Saturday', '20:30:00', '21:00:00', 'available', 'Medicine'),
(2581, 36, 'Monday', '07:00:00', '08:30:00', 'occupied', 'Law'),
(2582, 36, 'Monday', '08:30:00', '10:00:00', 'available', 'Philosophy'),
(2583, 36, 'Monday', '10:00:00', '11:30:00', 'occupied', 'Psychology'),
(2584, 36, 'Monday', '11:30:00', '13:00:00', 'occupied', 'Sociology'),
(2585, 36, 'Monday', '13:00:00', '14:30:00', 'occupied', 'Political Science'),
(2586, 36, 'Monday', '14:30:00', '16:00:00', 'occupied', 'Art'),
(2587, 36, 'Monday', '16:00:00', '17:30:00', 'available', 'Music'),
(2588, 36, 'Monday', '17:30:00', '19:00:00', 'occupied', 'Business'),
(2589, 36, 'Monday', '19:00:00', '20:30:00', 'occupied', 'Mathematics'),
(2590, 36, 'Monday', '20:30:00', '21:00:00', 'available', 'Physics'),
(2591, 36, 'Tuesday', '07:00:00', '08:30:00', 'occupied', 'Chemistry'),
(2592, 36, 'Tuesday', '08:30:00', '10:00:00', 'available', 'Biology'),
(2593, 36, 'Tuesday', '10:00:00', '11:30:00', 'occupied', 'English'),
(2594, 36, 'Tuesday', '11:30:00', '13:00:00', 'occupied', 'Literature'),
(2595, 36, 'Tuesday', '13:00:00', '14:30:00', 'occupied', 'History'),
(2596, 36, 'Tuesday', '14:30:00', '16:00:00', 'occupied', 'Geography'),
(2597, 36, 'Tuesday', '16:00:00', '17:30:00', 'available', 'Economics'),
(2598, 36, 'Tuesday', '17:30:00', '19:00:00', 'occupied', 'Computer Science'),
(2599, 36, 'Tuesday', '19:00:00', '20:30:00', 'occupied', 'Engineering'),
(2600, 36, 'Tuesday', '20:30:00', '21:00:00', 'available', 'Medicine'),
(2601, 36, 'Wednesday', '07:00:00', '08:30:00', 'occupied', 'Law'),
(2602, 36, 'Wednesday', '08:30:00', '10:00:00', 'available', 'Philosophy'),
(2603, 36, 'Wednesday', '10:00:00', '11:30:00', 'occupied', 'Psychology'),
(2604, 36, 'Wednesday', '11:30:00', '13:00:00', 'occupied', 'Sociology'),
(2605, 36, 'Wednesday', '13:00:00', '14:30:00', 'occupied', 'Political Science'),
(2606, 36, 'Wednesday', '14:30:00', '16:00:00', 'occupied', 'Art'),
(2607, 36, 'Wednesday', '16:00:00', '17:30:00', 'available', 'Music'),
(2608, 36, 'Wednesday', '17:30:00', '19:00:00', 'occupied', 'Business'),
(2609, 36, 'Wednesday', '19:00:00', '20:30:00', 'occupied', 'Mathematics'),
(2610, 36, 'Wednesday', '20:30:00', '21:00:00', 'available', 'Physics'),
(2611, 36, 'Thursday', '07:00:00', '08:30:00', 'occupied', 'Chemistry'),
(2612, 36, 'Thursday', '08:30:00', '10:00:00', 'available', 'Biology'),
(2613, 36, 'Thursday', '10:00:00', '11:30:00', 'occupied', 'English'),
(2614, 36, 'Thursday', '11:30:00', '13:00:00', 'occupied', 'Literature'),
(2615, 36, 'Thursday', '13:00:00', '14:30:00', 'occupied', 'History'),
(2616, 36, 'Thursday', '14:30:00', '16:00:00', 'occupied', 'Geography'),
(2617, 36, 'Thursday', '16:00:00', '17:30:00', 'available', 'Economics'),
(2618, 36, 'Thursday', '17:30:00', '19:00:00', 'occupied', 'Computer Science'),
(2619, 36, 'Thursday', '19:00:00', '20:30:00', 'occupied', 'Engineering'),
(2620, 36, 'Thursday', '20:30:00', '21:00:00', 'available', 'Medicine'),
(2621, 36, 'Friday', '07:00:00', '08:30:00', 'occupied', 'Law'),
(2622, 36, 'Friday', '08:30:00', '10:00:00', 'available', 'Philosophy'),
(2623, 36, 'Friday', '10:00:00', '11:30:00', 'occupied', 'Psychology'),
(2624, 36, 'Friday', '11:30:00', '13:00:00', 'occupied', 'Sociology'),
(2625, 36, 'Friday', '13:00:00', '14:30:00', 'occupied', 'Political Science'),
(2626, 36, 'Friday', '14:30:00', '16:00:00', 'occupied', 'Art'),
(2627, 36, 'Friday', '16:00:00', '17:30:00', 'available', 'Music'),
(2628, 36, 'Friday', '17:30:00', '19:00:00', 'occupied', 'Business'),
(2629, 36, 'Friday', '19:00:00', '20:30:00', 'occupied', 'Mathematics'),
(2630, 36, 'Friday', '20:30:00', '21:00:00', 'available', 'Physics'),
(2631, 36, 'Saturday', '07:00:00', '08:30:00', 'occupied', 'Chemistry'),
(2632, 36, 'Saturday', '08:30:00', '10:00:00', 'available', 'Biology'),
(2633, 36, 'Saturday', '10:00:00', '11:30:00', 'occupied', 'English'),
(2634, 36, 'Saturday', '11:30:00', '13:00:00', 'occupied', 'Literature'),
(2635, 36, 'Saturday', '13:00:00', '14:30:00', 'occupied', 'History'),
(2636, 36, 'Saturday', '14:30:00', '16:00:00', 'occupied', 'Geography');
INSERT INTO `schedules` (`schedule_id`, `room_id`, `day_of_week`, `start_time`, `end_time`, `status`, `subject`) VALUES
(2637, 36, 'Saturday', '16:00:00', '17:30:00', 'available', 'Economics'),
(2638, 36, 'Saturday', '17:30:00', '19:00:00', 'occupied', 'Computer Science'),
(2639, 36, 'Saturday', '19:00:00', '20:30:00', 'occupied', 'Engineering'),
(2640, 36, 'Saturday', '20:30:00', '21:00:00', 'available', 'Medicine'),
(2641, 37, 'Monday', '07:00:00', '08:30:00', 'occupied', 'Law'),
(2642, 37, 'Monday', '08:30:00', '10:00:00', 'available', 'Philosophy'),
(2643, 37, 'Monday', '10:00:00', '11:30:00', 'occupied', 'Psychology'),
(2644, 37, 'Monday', '11:30:00', '13:00:00', 'occupied', 'Sociology'),
(2645, 37, 'Monday', '13:00:00', '14:30:00', 'occupied', 'Political Science'),
(2646, 37, 'Monday', '14:30:00', '16:00:00', 'occupied', 'Art'),
(2647, 37, 'Monday', '16:00:00', '17:30:00', 'available', 'Music'),
(2648, 37, 'Monday', '17:30:00', '19:00:00', 'occupied', 'Business'),
(2649, 37, 'Monday', '19:00:00', '20:30:00', 'occupied', 'Mathematics'),
(2650, 37, 'Monday', '20:30:00', '21:00:00', 'available', 'Physics'),
(2651, 37, 'Tuesday', '07:00:00', '08:30:00', 'occupied', 'Chemistry'),
(2652, 37, 'Tuesday', '08:30:00', '10:00:00', 'available', 'Biology'),
(2653, 37, 'Tuesday', '10:00:00', '11:30:00', 'occupied', 'English'),
(2654, 37, 'Tuesday', '11:30:00', '13:00:00', 'occupied', 'Literature'),
(2655, 37, 'Tuesday', '13:00:00', '14:30:00', 'occupied', 'History'),
(2656, 37, 'Tuesday', '14:30:00', '16:00:00', 'occupied', 'Geography'),
(2657, 37, 'Tuesday', '16:00:00', '17:30:00', 'available', 'Economics'),
(2658, 37, 'Tuesday', '17:30:00', '19:00:00', 'occupied', 'Computer Science'),
(2659, 37, 'Tuesday', '19:00:00', '20:30:00', 'occupied', 'Engineering'),
(2660, 37, 'Tuesday', '20:30:00', '21:00:00', 'available', 'Medicine'),
(2661, 37, 'Wednesday', '07:00:00', '08:30:00', 'occupied', 'Law'),
(2662, 37, 'Wednesday', '08:30:00', '10:00:00', 'available', 'Philosophy'),
(2663, 37, 'Wednesday', '10:00:00', '11:30:00', 'occupied', 'Psychology'),
(2664, 37, 'Wednesday', '11:30:00', '13:00:00', 'occupied', 'Sociology'),
(2665, 37, 'Wednesday', '13:00:00', '14:30:00', 'occupied', 'Political Science'),
(2666, 37, 'Wednesday', '14:30:00', '16:00:00', 'occupied', 'Art'),
(2667, 37, 'Wednesday', '16:00:00', '17:30:00', 'available', 'Music'),
(2668, 37, 'Wednesday', '17:30:00', '19:00:00', 'occupied', 'Business'),
(2669, 37, 'Wednesday', '19:00:00', '20:30:00', 'occupied', 'Mathematics'),
(2670, 37, 'Wednesday', '20:30:00', '21:00:00', 'available', 'Physics'),
(2671, 37, 'Thursday', '07:00:00', '08:30:00', 'occupied', 'Chemistry'),
(2672, 37, 'Thursday', '08:30:00', '10:00:00', 'available', 'Biology'),
(2673, 37, 'Thursday', '10:00:00', '11:30:00', 'occupied', 'English'),
(2674, 37, 'Thursday', '11:30:00', '13:00:00', 'occupied', 'Literature'),
(2675, 37, 'Thursday', '13:00:00', '14:30:00', 'occupied', 'History'),
(2676, 37, 'Thursday', '14:30:00', '16:00:00', 'occupied', 'Geography'),
(2677, 37, 'Thursday', '16:00:00', '17:30:00', 'available', 'Economics'),
(2678, 37, 'Thursday', '17:30:00', '19:00:00', 'occupied', 'Computer Science'),
(2679, 37, 'Thursday', '19:00:00', '20:30:00', 'occupied', 'Engineering'),
(2680, 37, 'Thursday', '20:30:00', '21:00:00', 'available', 'Medicine'),
(2681, 37, 'Friday', '07:00:00', '08:30:00', 'occupied', 'Law'),
(2682, 37, 'Friday', '08:30:00', '10:00:00', 'available', 'Philosophy'),
(2683, 37, 'Friday', '10:00:00', '11:30:00', 'occupied', 'Psychology'),
(2684, 37, 'Friday', '11:30:00', '13:00:00', 'occupied', 'Sociology'),
(2685, 37, 'Friday', '13:00:00', '14:30:00', 'occupied', 'Political Science'),
(2686, 37, 'Friday', '14:30:00', '16:00:00', 'occupied', 'Art'),
(2687, 37, 'Friday', '16:00:00', '17:30:00', 'available', 'Music'),
(2688, 37, 'Friday', '17:30:00', '19:00:00', 'occupied', 'Business'),
(2689, 37, 'Friday', '19:00:00', '20:30:00', 'occupied', 'Mathematics'),
(2690, 37, 'Friday', '20:30:00', '21:00:00', 'available', 'Physics'),
(2691, 37, 'Saturday', '07:00:00', '08:30:00', 'occupied', 'Chemistry'),
(2692, 37, 'Saturday', '08:30:00', '10:00:00', 'available', 'Biology'),
(2693, 37, 'Saturday', '10:00:00', '11:30:00', 'occupied', 'English'),
(2694, 37, 'Saturday', '11:30:00', '13:00:00', 'occupied', 'Literature'),
(2695, 37, 'Saturday', '13:00:00', '14:30:00', 'occupied', 'History'),
(2696, 37, 'Saturday', '14:30:00', '16:00:00', 'occupied', 'Geography'),
(2697, 37, 'Saturday', '16:00:00', '17:30:00', 'available', 'Economics'),
(2698, 37, 'Saturday', '17:30:00', '19:00:00', 'occupied', 'Computer Science'),
(2699, 37, 'Saturday', '19:00:00', '20:30:00', 'occupied', 'Engineering'),
(2700, 37, 'Saturday', '20:30:00', '21:00:00', 'available', 'Medicine');

-- --------------------------------------------------------

--
-- Table structure for table `users`
--

CREATE TABLE `users` (
  `user_id` int(11) NOT NULL,
  `username` varchar(50) NOT NULL,
  `email` varchar(100) NOT NULL,
  `password_hash` varchar(255) NOT NULL,
  `student_num` int(11) DEFAULT NULL,
  `program` varchar(50) DEFAULT NULL,
  `year_level` varchar(10) DEFAULT NULL,
  `student_status` varchar(25) DEFAULT NULL
) ENGINE=InnoDB DEFAULT CHARSET=utf8mb4 COLLATE=utf8mb4_unicode_ci;

--
-- Dumping data for table `users`
--

INSERT INTO `users` (`user_id`, `username`, `email`, `password_hash`, `student_num`, `program`, `year_level`, `student_status`) VALUES
(1, 'Juan', 'jfdelacruz2021@plm.edu.ph', 'hashed_password_1', 202101099, 'BS IT', '4th', 'Regular'),
(2, 'Pedro', 'prdelacruz2021@plm.edu.ph', 'hashed_password_2', 202101091, 'BS IT', '4th', 'Regular');

--
-- Indexes for dumped tables
--

--
-- Indexes for table `chat_history`
--
ALTER TABLE `chat_history`
  ADD PRIMARY KEY (`id`),
  ADD KEY `room_id` (`room_id`),
  ADD KEY `user_id` (`user_id`),
  ADD KEY `username` (`username`);

--
-- Indexes for table `rooms`
--
ALTER TABLE `rooms`
  ADD PRIMARY KEY (`room_id`);

--
-- Indexes for table `schedules`
--
ALTER TABLE `schedules`
  ADD PRIMARY KEY (`schedule_id`),
  ADD KEY `room_id` (`room_id`);

--
-- Indexes for table `users`
--
ALTER TABLE `users`
  ADD PRIMARY KEY (`user_id`),
  ADD UNIQUE KEY `username` (`username`),
  ADD UNIQUE KEY `email` (`email`);

--
-- AUTO_INCREMENT for dumped tables
--

--
-- AUTO_INCREMENT for table `chat_history`
--
ALTER TABLE `chat_history`
  MODIFY `id` int(11) NOT NULL AUTO_INCREMENT, AUTO_INCREMENT=3;

--
-- AUTO_INCREMENT for table `rooms`
--
ALTER TABLE `rooms`
  MODIFY `room_id` int(11) NOT NULL AUTO_INCREMENT, AUTO_INCREMENT=38;

--
-- AUTO_INCREMENT for table `schedules`
--
ALTER TABLE `schedules`
  MODIFY `schedule_id` int(11) NOT NULL AUTO_INCREMENT, AUTO_INCREMENT=2701;

--
-- AUTO_INCREMENT for table `users`
--
ALTER TABLE `users`
  MODIFY `user_id` int(11) NOT NULL AUTO_INCREMENT, AUTO_INCREMENT=3;

--
-- Constraints for dumped tables
--

--
-- Constraints for table `chat_history`
--
ALTER TABLE `chat_history`
  ADD CONSTRAINT `chat_history_ibfk_1` FOREIGN KEY (`room_id`) REFERENCES `rooms` (`room_id`),
  ADD CONSTRAINT `chat_history_ibfk_2` FOREIGN KEY (`user_id`) REFERENCES `users` (`user_id`);

--
-- Constraints for table `schedules`
--
ALTER TABLE `schedules`
  ADD CONSTRAINT `schedules_ibfk_1` FOREIGN KEY (`room_id`) REFERENCES `rooms` (`room_id`);
COMMIT;

/*!40101 SET CHARACTER_SET_CLIENT=@OLD_CHARACTER_SET_CLIENT */;
/*!40101 SET CHARACTER_SET_RESULTS=@OLD_CHARACTER_SET_RESULTS */;
/*!40101 SET COLLATION_CONNECTION=@OLD_COLLATION_CONNECTION */;
