-- phpMyAdmin SQL Dump
-- version 5.2.1
-- https://www.phpmyadmin.net/
--
-- Host: localhost
-- Generation Time: Jul 04, 2024 at 06:48 PM
-- Server version: 10.4.28-MariaDB
-- PHP Version: 8.2.4

SET SQL_MODE = "NO_AUTO_VALUE_ON_ZERO";
START TRANSACTION;
SET time_zone = "+00:00";


/*!40101 SET @OLD_CHARACTER_SET_CLIENT=@@CHARACTER_SET_CLIENT */;
/*!40101 SET @OLD_CHARACTER_SET_RESULTS=@@CHARACTER_SET_RESULTS */;
/*!40101 SET @OLD_COLLATION_CONNECTION=@@COLLATION_CONNECTION */;
/*!40101 SET NAMES utf8mb4 */;

--
-- Database: `webnav_db`
--

-- --------------------------------------------------------

--
-- Table structure for table `chat_history`
--

CREATE TABLE `chat_history` (
  `id` int(11) NOT NULL,
  `room_id` int(11) DEFAULT NULL,
  `user_id` int(11) DEFAULT NULL,
  `username` varchar(255) DEFAULT NULL,
  `message` text DEFAULT NULL,
  `timestamp` timestamp NULL DEFAULT current_timestamp()
) ENGINE=InnoDB DEFAULT CHARSET=utf8mb4 COLLATE=utf8mb4_unicode_ci;

--
-- Dumping data for table `chat_history`
--

INSERT INTO `chat_history` (`id`, `room_id`, `user_id`, `username`, `message`, `timestamp`) VALUES
(1, NULL, NULL, NULL, 'test 01', '2024-07-01 16:10:16'),
(2, NULL, NULL, NULL, 'Test 11', '2024-07-06 02:34:42');

-- --------------------------------------------------------

--
-- Table structure for table `rooms`
--

CREATE TABLE `rooms` (
  `room_id` int(11) NOT NULL,
  `building` varchar(50) NOT NULL,
  `floor_number` int(11) NOT NULL,
  `room_number` varchar(10) NOT NULL
) ENGINE=InnoDB DEFAULT CHARSET=utf8mb4 COLLATE=utf8mb4_unicode_ci;

--
-- Dumping data for table `rooms`
--

INSERT INTO `rooms` (`room_id`, `building`, `floor_number`, `room_number`) VALUES
(1, 'Gusaling Villegas', 2, 'GV 204'),
(2, 'Gusaling Villegas', 2, 'GV 205'),
(3, 'Gusaling Villegas', 2, 'GV 206'),
(4, 'Gusaling Villegas', 2, 'GV 207'),
(5, 'Gusaling Villegas', 2, 'GV 208'),
(6, 'Gusaling Villegas', 2, 'GV 209'),
(7, 'Gusaling Villegas', 3, 'GV 304'),
(8, 'Gusaling Villegas', 3, 'GV 305'),
(9, 'Gusaling Villegas', 3, 'GV 306'),
(10, 'Gusaling Villegas', 3, 'GV 307'),
(11, 'Gusaling Villegas', 3, 'GV 308'),
(12, 'Gusaling Villegas', 3, 'GV 309'),
(13, 'Gusaling Corazon Aquino', 2, 'GCA 201'),
(14, 'Gusaling Corazon Aquino', 2, 'GCA 202'),
(15, 'Gusaling Corazon Aquino', 2, 'GCA 203'),
(16, 'Gusaling Corazon Aquino', 2, 'GCA 204'),
(17, 'Gusaling Corazon Aquino', 3, 'GCA 301'),
(18, 'Gusaling Corazon Aquino', 3, 'GCA 302'),
(19, 'Gusaling Corazon Aquino', 3, 'GCA 303'),
(20, 'Gusaling Corazon Aquino', 3, 'GCA 304'),
(21, 'Gusaling Corazon Aquino', 3, 'GCA 305'),
(22, 'Gusaling Corazon Aquino', 3, 'GCA 306'),
(23, 'Gusaling Corazon Aquino', 3, 'GCA 307'),
(24, 'Gusaling Corazon Aquino', 3, 'GCA 308'),
(25, 'Gusaling Corazon Aquino', 3, 'GCA 309'),
(26, 'Gusaling Ejercito Estrada', 2, 'GEE 201'),
(27, 'Gusaling Ejercito Estrada', 2, 'GEE 202'),
(28, 'Gusaling Ejercito Estrada', 2, 'GEE 203'),
(29, 'Gusaling Ejercito Estrada', 2, 'GEE 204'),
(30, 'Gusaling Ejercito Estrada', 2, 'GEE 205'),
(31, 'Gusaling Ejercito Estrada', 2, 'GEE 206'),
(32, 'Gusaling Ejercito Estrada', 3, 'GEE 301'),
(33, 'Gusaling Ejercito Estrada', 3, 'GEE 302'),
(34, 'Gusaling Ejercito Estrada', 3, 'GEE 303'),
(35, 'Gusaling Ejercito Estrada', 3, 'GEE 304'),
(36, 'Gusaling Ejercito Estrada', 3, 'GEE 305'),
(37, 'Gusaling Ejercito Estrada', 3, 'GEE 306');

-- --------------------------------------------------------

--
-- Table structure for table `schedules`
--

CREATE TABLE `schedules` (
  `schedule_id` int(11) NOT NULL,
  `room_id` int(11) NOT NULL,
  `day_of_week` enum('Monday','Tuesday','Wednesday','Thursday','Friday','Saturday') NOT NULL,
  `start_time` time NOT NULL,
  `end_time` time NOT NULL,
  `status` enum('available','occupied') DEFAULT 'available',
  `subject` varchar(50) DEFAULT NULL
) ENGINE=InnoDB DEFAULT CHARSET=utf8mb4 COLLATE=utf8mb4_unicode_ci;

--
-- Dumping data for table `schedules`
--

INSERT INTO `schedules` (`schedule_id`, `room_id`, `day_of_week`, `start_time`, `end_time`, `status`, `subject`) VALUES
(121, 1, 'Monday', '07:00:00', '08:30:00', 'occupied', 'Economics'),
(122, 1, 'Monday', '08:30:00', '10:00:00', 'available', 'none'),
(123, 1, 'Monday', '10:00:00', '11:30:00', 'occupied', 'Business'),
(124, 1, 'Monday', '11:30:00', '13:00:00', 'occupied', 'Engineering'),
(125, 1, 'Monday', '13:00:00', '14:30:00', 'occupied', 'Law'),
(126, 1, 'Monday', '14:30:00', '16:00:00', 'occupied', 'Philosophy'),
(127, 1, 'Monday', '16:00:00', '17:30:00', 'occupied', 'Engineering'),
(128, 1, 'Monday', '17:30:00', '19:00:00', 'occupied', 'Engineering'),
(129, 1, 'Monday', '19:00:00', '20:30:00', 'occupied', 'Chemistry'),
(130, 1, 'Monday', '20:30:00', '21:00:00', 'available', 'none'),
(131, 1, 'Tuesday', '07:00:00', '08:30:00', 'occupied', 'Mathematics'),
(132, 1, 'Tuesday', '08:30:00', '10:00:00', 'occupied', 'Philosophy'),
(133, 1, 'Tuesday', '10:00:00', '11:30:00', 'occupied', 'Literature'),
(134, 1, 'Tuesday', '11:30:00', '13:00:00', 'occupied', 'Economics'),
(135, 1, 'Tuesday', '13:00:00', '14:30:00', 'available', 'none'),
(136, 1, 'Tuesday', '14:30:00', '16:00:00', 'occupied', 'History'),
(137, 1, 'Tuesday', '16:00:00', '17:30:00', 'available', 'none'),
(138, 1, 'Tuesday', '17:30:00', '19:00:00', 'occupied', 'Literature'),
(139, 1, 'Tuesday', '19:00:00', '20:30:00', 'occupied', 'Engineering'),
(140, 1, 'Tuesday', '20:30:00', '21:00:00', 'available', 'none'),
(141, 1, 'Wednesday', '07:00:00', '08:30:00', 'occupied', 'Philosophy'),
(142, 1, 'Wednesday', '08:30:00', '10:00:00', 'available', 'none'),
(143, 1, 'Wednesday', '10:00:00', '11:30:00', 'occupied', 'Political Science'),
(144, 1, 'Wednesday', '11:30:00', '13:00:00', 'occupied', 'Mathematics'),
(145, 1, 'Wednesday', '13:00:00', '14:30:00', 'occupied', 'Law'),
(146, 1, 'Wednesday', '14:30:00', '16:00:00', 'occupied', 'Biology'),
(147, 1, 'Wednesday', '16:00:00', '17:30:00', 'occupied', 'Art'),
(148, 1, 'Wednesday', '17:30:00', '19:00:00', 'occupied', 'Political Science'),
(149, 1, 'Wednesday', '19:00:00', '20:30:00', 'occupied', 'Engineering'),
(150, 1, 'Wednesday', '20:30:00', '21:00:00', 'available', 'none'),
(151, 1, 'Thursday', '07:00:00', '08:30:00', 'occupied', 'English'),
(152, 1, 'Thursday', '08:30:00', '10:00:00', 'occupied', 'Medicine'),
(153, 1, 'Thursday', '10:00:00', '11:30:00', 'occupied', 'Chemistry'),
(154, 1, 'Thursday', '11:30:00', '13:00:00', 'occupied', 'Business'),
(155, 1, 'Thursday', '13:00:00', '14:30:00', 'occupied', 'Economics'),
(156, 1, 'Thursday', '14:30:00', '16:00:00', 'available', 'none'),
(157, 1, 'Thursday', '16:00:00', '17:30:00', 'occupied', 'English'),
(158, 1, 'Thursday', '17:30:00', '19:00:00', 'occupied', 'Art'),
(159, 1, 'Thursday', '19:00:00', '20:30:00', 'occupied', 'Psychology'),
(160, 1, 'Thursday', '20:30:00', '21:00:00', 'available', 'none'),
(161, 1, 'Friday', '07:00:00', '08:30:00', 'occupied', 'Physics'),
(162, 1, 'Friday', '08:30:00', '10:00:00', 'occupied', 'Chemistry'),
(163, 1, 'Friday', '10:00:00', '11:30:00', 'occupied', 'Economics'),
(164, 1, 'Friday', '11:30:00', '13:00:00', 'available', 'none'),
(165, 1, 'Friday', '13:00:00', '14:30:00', 'occupied', 'Philosophy'),
(166, 1, 'Friday', '14:30:00', '16:00:00', 'occupied', 'Chemistry'),
(167, 1, 'Friday', '16:00:00', '17:30:00', 'occupied', 'Philosophy'),
(168, 1, 'Friday', '17:30:00', '19:00:00', 'occupied', 'Physics'),
(169, 1, 'Friday', '19:00:00', '20:30:00', 'occupied', 'English'),
(170, 1, 'Friday', '20:30:00', '21:00:00', 'available', 'none'),
(171, 1, 'Saturday', '07:00:00', '08:30:00', 'occupied', 'Political Science'),
(172, 1, 'Saturday', '08:30:00', '10:00:00', 'occupied', 'Medicine'),
(173, 1, 'Saturday', '10:00:00', '11:30:00', 'occupied', 'History'),
(174, 1, 'Saturday', '11:30:00', '13:00:00', 'occupied', 'Business'),
(175, 1, 'Saturday', '13:00:00', '14:30:00', 'available', 'none'),
(176, 1, 'Saturday', '14:30:00', '16:00:00', 'occupied', 'Sociology'),
(177, 1, 'Saturday', '16:00:00', '17:30:00', 'occupied', 'Business'),
(178, 1, 'Saturday', '17:30:00', '19:00:00', 'occupied', 'Philosophy'),
(179, 1, 'Saturday', '19:00:00', '20:30:00', 'occupied', 'Geography'),
(180, 1, 'Saturday', '20:30:00', '21:00:00', 'available', 'none'),
(181, 2, 'Monday', '07:00:00', '08:30:00', 'available', 'none'),
(182, 2, 'Monday', '08:30:00', '10:00:00', 'occupied', 'Art'),
(183, 2, 'Monday', '10:00:00', '11:30:00', 'occupied', 'Biology'),
(184, 2, 'Monday', '11:30:00', '13:00:00', 'occupied', 'Geography'),
(185, 2, 'Monday', '13:00:00', '14:30:00', 'occupied', 'English'),
(186, 2, 'Monday', '14:30:00', '16:00:00', 'occupied', 'Chemistry'),
(187, 2, 'Monday', '16:00:00', '17:30:00', 'occupied', 'Business'),
(188, 2, 'Monday', '17:30:00', '19:00:00', 'occupied', 'Geography'),
(189, 2, 'Monday', '19:00:00', '20:30:00', 'available', 'none'),
(190, 2, 'Monday', '20:30:00', '21:00:00', 'available', 'none'),
(191, 2, 'Tuesday', '07:00:00', '08:30:00', 'occupied', 'Mathematics'),
(192, 2, 'Tuesday', '08:30:00', '10:00:00', 'occupied', 'Business'),
(193, 2, 'Tuesday', '10:00:00', '11:30:00', 'available', 'none'),
(194, 2, 'Tuesday', '11:30:00', '13:00:00', 'occupied', 'Psychology'),
(195, 2, 'Tuesday', '13:00:00', '14:30:00', 'occupied', 'Psychology'),
(196, 2, 'Tuesday', '14:30:00', '16:00:00', 'available', 'none'),
(197, 2, 'Tuesday', '16:00:00', '17:30:00', 'available', 'none'),
(198, 2, 'Tuesday', '17:30:00', '19:00:00', 'occupied', 'Medicine'),
(199, 2, 'Tuesday', '19:00:00', '20:30:00', 'occupied', 'Law'),
(200, 2, 'Tuesday', '20:30:00', '21:00:00', 'occupied', 'Geography'),
(201, 2, 'Wednesday', '07:00:00', '08:30:00', 'occupied', 'Physics'),
(202, 2, 'Wednesday', '08:30:00', '10:00:00', 'occupied', 'Biology'),
(203, 2, 'Wednesday', '10:00:00', '11:30:00', 'occupied', 'Psychology'),
(204, 2, 'Wednesday', '11:30:00', '13:00:00', 'available', 'none'),
(205, 2, 'Wednesday', '13:00:00', '14:30:00', 'occupied', 'Biology'),
(206, 2, 'Wednesday', '14:30:00', '16:00:00', 'occupied', 'Medicine'),
(207, 2, 'Wednesday', '16:00:00', '17:30:00', 'occupied', 'Literature'),
(208, 2, 'Wednesday', '17:30:00', '19:00:00', 'occupied', 'Psychology'),
(209, 2, 'Wednesday', '19:00:00', '20:30:00', 'occupied', 'Political Science'),
(210, 2, 'Wednesday', '20:30:00', '21:00:00', 'occupied', 'Mathematics'),
(211, 2, 'Thursday', '07:00:00', '08:30:00', 'available', 'none'),
(212, 2, 'Thursday', '08:30:00', '10:00:00', 'occupied', 'Computer Science'),
(213, 2, 'Thursday', '10:00:00', '11:30:00', 'occupied', 'Economics'),
(214, 2, 'Thursday', '11:30:00', '13:00:00', 'occupied', 'Philosophy'),
(215, 2, 'Thursday', '13:00:00', '14:30:00', 'occupied', 'Mathematics'),
(216, 2, 'Thursday', '14:30:00', '16:00:00', 'occupied', 'Mathematics'),
(217, 2, 'Thursday', '16:00:00', '17:30:00', 'available', 'none'),
(218, 2, 'Thursday', '17:30:00', '19:00:00', 'occupied', 'English'),
(219, 2, 'Thursday', '19:00:00', '20:30:00', 'occupied', 'Mathematics'),
(220, 2, 'Thursday', '20:30:00', '21:00:00', 'available', 'none'),
(221, 2, 'Friday', '07:00:00', '08:30:00', 'occupied', 'Geography'),
(222, 2, 'Friday', '08:30:00', '10:00:00', 'occupied', 'Art'),
(223, 2, 'Friday', '10:00:00', '11:30:00', 'occupied', 'Literature'),
(224, 2, 'Friday', '11:30:00', '13:00:00', 'available', 'none'),
(225, 2, 'Friday', '13:00:00', '14:30:00', 'available', 'none'),
(226, 2, 'Friday', '14:30:00', '16:00:00', 'occupied', 'Law'),
(227, 2, 'Friday', '16:00:00', '17:30:00', 'occupied', 'History'),
(228, 2, 'Friday', '17:30:00', '19:00:00', 'occupied', 'Art'),
(229, 2, 'Friday', '19:00:00', '20:30:00', 'available', 'none'),
(230, 2, 'Friday', '20:30:00', '21:00:00', 'occupied', 'History'),
(231, 2, 'Saturday', '07:00:00', '08:30:00', 'occupied', 'Physics'),
(232, 2, 'Saturday', '08:30:00', '10:00:00', 'occupied', 'Literature'),
(233, 2, 'Saturday', '10:00:00', '11:30:00', 'occupied', 'Biology'),
(234, 2, 'Saturday', '11:30:00', '13:00:00', 'occupied', 'Chemistry'),
(235, 2, 'Saturday', '13:00:00', '14:30:00', 'available', 'none'),
(236, 2, 'Saturday', '14:30:00', '16:00:00', 'occupied', 'Physics'),
(237, 2, 'Saturday', '16:00:00', '17:30:00', 'occupied', 'Physics'),
(238, 2, 'Saturday', '17:30:00', '19:00:00', 'available', 'none'),
(239, 2, 'Saturday', '19:00:00', '20:30:00', 'available', 'none'),
(240, 2, 'Saturday', '20:30:00', '21:00:00', 'available', 'none'),
(241, 3, 'Monday', '07:00:00', '08:30:00', 'occupied', 'Mathematics'),
(242, 3, 'Monday', '08:30:00', '10:00:00', 'available', 'none'),
(243, 3, 'Monday', '10:00:00', '11:30:00', 'occupied', 'Art'),
(244, 3, 'Monday', '11:30:00', '13:00:00', 'occupied', 'Geography'),
(245, 3, 'Monday', '13:00:00', '14:30:00', 'occupied', 'English'),
(246, 3, 'Monday', '14:30:00', '16:00:00', 'occupied', 'Business'),
(247, 3, 'Monday', '16:00:00', '17:30:00', 'occupied', 'Biology'),
(248, 3, 'Monday', '17:30:00', '19:00:00', 'available', 'none'),
(249, 3, 'Monday', '19:00:00', '20:30:00', 'occupied', 'Mathematics'),
(250, 3, 'Monday', '20:30:00', '21:00:00', 'available', 'none'),
(251, 3, 'Tuesday', '07:00:00', '08:30:00', 'occupied', 'Engineering'),
(252, 3, 'Tuesday', '08:30:00', '10:00:00', 'occupied', 'Computer Science'),
(253, 3, 'Tuesday', '10:00:00', '11:30:00', 'available', 'none'),
(254, 3, 'Tuesday', '11:30:00', '13:00:00', 'occupied', 'Music'),
(255, 3, 'Tuesday', '13:00:00', '14:30:00', 'occupied', 'Chemistry'),
(256, 3, 'Tuesday', '14:30:00', '16:00:00', 'occupied', 'Music'),
(257, 3, 'Tuesday', '16:00:00', '17:30:00', 'occupied', 'Biology'),
(258, 3, 'Tuesday', '17:30:00', '19:00:00', 'occupied', 'English'),
(259, 3, 'Tuesday', '19:00:00', '20:30:00', 'available', 'none'),
(260, 3, 'Tuesday', '20:30:00', '21:00:00', 'occupied', 'Computer Science'),
(261, 3, 'Wednesday', '07:00:00', '08:30:00', 'occupied', 'Philosophy'),
(262, 3, 'Wednesday', '08:30:00', '10:00:00', 'available', 'none'),
(263, 3, 'Wednesday', '10:00:00', '11:30:00', 'occupied', 'Physics'),
(264, 3, 'Wednesday', '11:30:00', '13:00:00', 'occupied', 'Literature'),
(265, 3, 'Wednesday', '13:00:00', '14:30:00', 'occupied', 'English'),
(266, 3, 'Wednesday', '14:30:00', '16:00:00', 'occupied', 'Biology'),
(267, 3, 'Wednesday', '16:00:00', '17:30:00', 'occupied', 'Geography'),
(268, 3, 'Wednesday', '17:30:00', '19:00:00', 'available', 'none'),
(269, 3, 'Wednesday', '19:00:00', '20:30:00', 'occupied', 'Biology'),
(270, 3, 'Wednesday', '20:30:00', '21:00:00', 'occupied', 'Political Science'),
(271, 3, 'Thursday', '07:00:00', '08:30:00', 'occupied', 'Law'),
(272, 3, 'Thursday', '08:30:00', '10:00:00', 'occupied', 'Medicine'),
(273, 3, 'Thursday', '10:00:00', '11:30:00', 'available', 'none'),
(274, 3, 'Thursday', '11:30:00', '13:00:00', 'occupied', 'Physics'),
(275, 3, 'Thursday', '13:00:00', '14:30:00', 'occupied', 'Law'),
(276, 3, 'Thursday', '14:30:00', '16:00:00', 'occupied', 'Political Science'),
(277, 3, 'Thursday', '16:00:00', '17:30:00', 'occupied', 'Literature'),
(278, 3, 'Thursday', '17:30:00', '19:00:00', 'available', 'none'),
(279, 3, 'Thursday', '19:00:00', '20:30:00', 'occupied', 'Business'),
(280, 3, 'Thursday', '20:30:00', '21:00:00', 'occupied', 'Business'),
(281, 3, 'Friday', '07:00:00', '08:30:00', 'occupied', 'Music'),
(282, 3, 'Friday', '08:30:00', '10:00:00', 'occupied', 'Psychology'),
(283, 3, 'Friday', '10:00:00', '11:30:00', 'available', 'none'),
(284, 3, 'Friday', '11:30:00', '13:00:00', 'occupied', 'Sociology'),
(285, 3, 'Friday', '13:00:00', '14:30:00', 'occupied', 'Psychology'),
(286, 3, 'Friday', '14:30:00', '16:00:00', 'occupied', 'English'),
(287, 3, 'Friday', '16:00:00', '17:30:00', 'available', 'none'),
(288, 3, 'Friday', '17:30:00', '19:00:00', 'occupied', 'Mathematics'),
(289, 3, 'Friday', '19:00:00', '20:30:00', 'occupied', 'Economics'),
(290, 3, 'Friday', '20:30:00', '21:00:00', 'occupied', 'Biology'),
(291, 3, 'Saturday', '07:00:00', '08:30:00', 'occupied', 'Computer Science'),
(292, 3, 'Saturday', '08:30:00', '10:00:00', 'occupied', 'Art'),
(293, 3, 'Saturday', '10:00:00', '11:30:00', 'available', 'none'),
(294, 3, 'Saturday', '11:30:00', '13:00:00', 'occupied', 'Mathematics'),
(295, 3, 'Saturday', '13:00:00', '14:30:00', 'occupied', 'Economics'),
(296, 3, 'Saturday', '14:30:00', '16:00:00', 'occupied', 'Chemistry'),
(297, 3, 'Saturday', '16:00:00', '17:30:00', 'occupied', 'Geography'),
(298, 3, 'Saturday', '17:30:00', '19:00:00', 'available', 'none'),
(299, 3, 'Saturday', '19:00:00', '20:30:00', 'occupied', 'Computer Science'),
(300, 3, 'Saturday', '20:30:00', '21:00:00', 'occupied', 'History'),
(301, 4, 'Monday', '07:00:00', '08:30:00', 'occupied', 'English'),
(302, 4, 'Monday', '08:30:00', '10:00:00', 'available', 'none'),
(303, 4, 'Monday', '10:00:00', '11:30:00', 'occupied', 'Mathematics'),
(304, 4, 'Monday', '11:30:00', '13:00:00', 'occupied', 'Economics'),
(305, 4, 'Monday', '13:00:00', '14:30:00', 'occupied', 'Physics'),
(306, 4, 'Monday', '14:30:00', '16:00:00', 'occupied', 'Biology'),
(307, 4, 'Monday', '16:00:00', '17:30:00', 'occupied', 'Philosophy'),
(308, 4, 'Monday', '17:30:00', '19:00:00', 'occupied', 'Psychology'),
(309, 4, 'Monday', '19:00:00', '20:30:00', 'available', 'none'),
(310, 4, 'Monday', '20:30:00', '21:00:00', 'occupied', 'Law'),
(311, 4, 'Tuesday', '07:00:00', '08:30:00', 'occupied', 'Art'),
(312, 4, 'Tuesday', '08:30:00', '10:00:00', 'occupied', 'Law'),
(313, 4, 'Tuesday', '10:00:00', '11:30:00', 'occupied', 'Engineering'),
(314, 4, 'Tuesday', '11:30:00', '13:00:00', 'occupied', 'Psychology'),
(315, 4, 'Tuesday', '13:00:00', '14:30:00', 'available', 'none'),
(316, 4, 'Tuesday', '14:30:00', '16:00:00', 'occupied', 'Business'),
(317, 4, 'Tuesday', '16:00:00', '17:30:00', 'occupied', 'Political Science'),
(318, 4, 'Tuesday', '17:30:00', '19:00:00', 'available', 'none'),
(319, 4, 'Tuesday', '19:00:00', '20:30:00', 'occupied', 'Chemistry'),
(320, 4, 'Tuesday', '20:30:00', '21:00:00', 'occupied', 'English'),
(321, 4, 'Wednesday', '07:00:00', '08:30:00', 'occupied', 'Sociology'),
(322, 4, 'Wednesday', '08:30:00', '10:00:00', 'occupied', 'English'),
(323, 4, 'Wednesday', '10:00:00', '11:30:00', 'available', 'none'),
(324, 4, 'Wednesday', '11:30:00', '13:00:00', 'occupied', 'Psychology'),
(325, 4, 'Wednesday', '13:00:00', '14:30:00', 'occupied', 'Business'),
(326, 4, 'Wednesday', '14:30:00', '16:00:00', 'occupied', 'Psychology'),
(327, 4, 'Wednesday', '16:00:00', '17:30:00', 'available', 'none'),
(328, 4, 'Wednesday', '17:30:00', '19:00:00', 'occupied', 'Law'),
(329, 4, 'Wednesday', '19:00:00', '20:30:00', 'occupied', 'Mathematics'),
(330, 4, 'Wednesday', '20:30:00', '21:00:00', 'occupied', 'Literature'),
(331, 4, 'Thursday', '07:00:00', '08:30:00', 'occupied', 'Literature'),
(332, 4, 'Thursday', '08:30:00', '10:00:00', 'available', 'none'),
(333, 4, 'Thursday', '10:00:00', '11:30:00', 'occupied', 'Computer Science'),
(334, 4, 'Thursday', '11:30:00', '13:00:00', 'occupied', 'Engineering'),
(335, 4, 'Thursday', '13:00:00', '14:30:00', 'occupied', 'Chemistry'),
(336, 4, 'Thursday', '14:30:00', '16:00:00', 'occupied', 'English'),
(337, 4, 'Thursday', '16:00:00', '17:30:00', 'occupied', 'Psychology'),
(338, 4, 'Thursday', '17:30:00', '19:00:00', 'available', 'none'),
(339, 4, 'Thursday', '19:00:00', '20:30:00', 'occupied', 'Music'),
(340, 4, 'Thursday', '20:30:00', '21:00:00', 'occupied', 'Engineering'),
(341, 4, 'Friday', '07:00:00', '08:30:00', 'occupied', 'Art'),
(342, 4, 'Friday', '08:30:00', '10:00:00', 'occupied', 'Philosophy'),
(343, 4, 'Friday', '10:00:00', '11:30:00', 'occupied', 'Sociology'),
(344, 4, 'Friday', '11:30:00', '13:00:00', 'available', 'none'),
(345, 4, 'Friday', '13:00:00', '14:30:00', 'occupied', 'Art'),
(346, 4, 'Friday', '14:30:00', '16:00:00', 'occupied', 'Music'),
(347, 4, 'Friday', '16:00:00', '17:30:00', 'occupied', 'Biology'),
(348, 4, 'Friday', '17:30:00', '19:00:00', 'available', 'none'),
(349, 4, 'Friday', '19:00:00', '20:30:00', 'occupied', 'Physics'),
(350, 4, 'Friday', '20:30:00', '21:00:00', 'occupied', 'Political Science'),
(351, 4, 'Saturday', '07:00:00', '08:30:00', 'occupied', 'Business'),
(352, 4, 'Saturday', '08:30:00', '10:00:00', 'available', 'none'),
(353, 4, 'Saturday', '10:00:00', '11:30:00', 'occupied', 'History'),
(354, 4, 'Saturday', '11:30:00', '13:00:00', 'occupied', 'Law'),
(355, 4, 'Saturday', '13:00:00', '14:30:00', 'occupied', 'Chemistry'),
(356, 4, 'Saturday', '14:30:00', '16:00:00', 'occupied', 'Art'),
(357, 4, 'Saturday', '16:00:00', '17:30:00', 'available', 'none'),
(358, 4, 'Saturday', '17:30:00', '19:00:00', 'occupied', 'Mathematics'),
(359, 4, 'Saturday', '19:00:00', '20:30:00', 'occupied', 'Geography'),
(360, 4, 'Saturday', '20:30:00', '21:00:00', 'occupied', 'Music'),
(361, 5, 'Monday', '07:00:00', '08:30:00', 'occupied', 'Geography'),
(362, 5, 'Monday', '08:30:00', '10:00:00', 'occupied', 'Chemistry'),
(363, 5, 'Monday', '10:00:00', '11:30:00', 'occupied', 'Economics'),
(364, 5, 'Monday', '11:30:00', '13:00:00', 'occupied', 'Sociology'),
(365, 5, 'Monday', '13:00:00', '14:30:00', 'occupied', 'Law'),
(366, 5, 'Monday', '14:30:00', '16:00:00', 'available', 'none'),
(367, 5, 'Monday', '16:00:00', '17:30:00', 'occupied', 'Sociology'),
(368, 5, 'Monday', '17:30:00', '19:00:00', 'occupied', 'Music'),
(369, 5, 'Monday', '19:00:00', '20:30:00', 'occupied', 'Geography'),
(370, 5, 'Monday', '20:30:00', '21:00:00', 'available', 'none'),
(371, 5, 'Tuesday', '07:00:00', '08:30:00', 'occupied', 'Physics'),
(372, 5, 'Tuesday', '08:30:00', '10:00:00', 'available', 'none'),
(373, 5, 'Tuesday', '10:00:00', '11:30:00', 'occupied', 'History'),
(374, 5, 'Tuesday', '11:30:00', '13:00:00', 'occupied', 'Economics'),
(375, 5, 'Tuesday', '13:00:00', '14:30:00', 'occupied', 'English'),
(376, 5, 'Tuesday', '14:30:00', '16:00:00', 'occupied', 'Philosophy'),
(377, 5, 'Tuesday', '16:00:00', '17:30:00', 'occupied', 'Psychology'),
(378, 5, 'Tuesday', '17:30:00', '19:00:00', 'available', 'none'),
(379, 5, 'Tuesday', '19:00:00', '20:30:00', 'occupied', 'Philosophy'),
(380, 5, 'Tuesday', '20:30:00', '21:00:00', 'occupied', 'Literature'),
(381, 5, 'Wednesday', '07:00:00', '08:30:00', 'occupied', 'Biology'),
(382, 5, 'Wednesday', '08:30:00', '10:00:00', 'occupied', 'Chemistry'),
(383, 5, 'Wednesday', '10:00:00', '11:30:00', 'available', 'none'),
(384, 5, 'Wednesday', '11:30:00', '13:00:00', 'occupied', 'Business'),
(385, 5, 'Wednesday', '13:00:00', '14:30:00', 'occupied', 'Philosophy'),
(386, 5, 'Wednesday', '14:30:00', '16:00:00', 'occupied', 'Computer Science'),
(387, 5, 'Wednesday', '16:00:00', '17:30:00', 'available', 'none'),
(388, 5, 'Wednesday', '17:30:00', '19:00:00', 'occupied', 'English'),
(389, 5, 'Wednesday', '19:00:00', '20:30:00', 'occupied', 'Psychology'),
(390, 5, 'Wednesday', '20:30:00', '21:00:00', 'occupied', 'Art'),
(391, 5, 'Thursday', '07:00:00', '08:30:00', 'occupied', 'Geography'),
(392, 5, 'Thursday', '08:30:00', '10:00:00', 'available', 'none'),
(393, 5, 'Thursday', '10:00:00', '11:30:00', 'occupied', 'Chemistry'),
(394, 5, 'Thursday', '11:30:00', '13:00:00', 'occupied', 'Computer Science'),
(395, 5, 'Thursday', '13:00:00', '14:30:00', 'occupied', 'Mathematics'),
(396, 5, 'Thursday', '14:30:00', '16:00:00', 'occupied', 'Philosophy'),
(397, 5, 'Thursday', '16:00:00', '17:30:00', 'occupied', 'History'),
(398, 5, 'Thursday', '17:30:00', '19:00:00', 'available', 'none'),
(399, 5, 'Thursday', '19:00:00', '20:30:00', 'occupied', 'Psychology'),
(400, 5, 'Thursday', '20:30:00', '21:00:00', 'occupied', 'Computer Science'),
(401, 5, 'Friday', '07:00:00', '08:30:00', 'occupied', 'English'),
(402, 5, 'Friday', '08:30:00', '10:00:00', 'available', 'none'),
(403, 5, 'Friday', '10:00:00', '11:30:00', 'occupied', 'Political Science'),
(404, 5, 'Friday', '11:30:00', '13:00:00', 'occupied', 'History'),
(405, 5, 'Friday', '13:00:00', '14:30:00', 'occupied', 'Biology'),
(406, 5, 'Friday', '14:30:00', '16:00:00', 'occupied', 'Art'),
(407, 5, 'Friday', '16:00:00', '17:30:00', 'occupied', 'Music'),
(408, 5, 'Friday', '17:30:00', '19:00:00', 'available', 'none'),
(409, 5, 'Friday', '19:00:00', '20:30:00', 'occupied', 'Mathematics'),
(410, 5, 'Friday', '20:30:00', '21:00:00', 'occupied', 'English'),
(411, 5, 'Saturday', '07:00:00', '08:30:00', 'occupied', 'Mathematics'),
(412, 5, 'Saturday', '08:30:00', '10:00:00', 'available', 'none'),
(413, 5, 'Saturday', '10:00:00', '11:30:00', 'occupied', 'Computer Science'),
(414, 5, 'Saturday', '11:30:00', '13:00:00', 'occupied', 'Literature'),
(415, 5, 'Saturday', '13:00:00', '14:30:00', 'occupied', 'Music'),
(416, 5, 'Saturday', '14:30:00', '16:00:00', 'occupied', 'Music'),
(417, 5, 'Saturday', '16:00:00', '17:30:00', 'occupied', 'Art'),
(418, 5, 'Saturday', '17:30:00', '19:00:00', 'available', 'none'),
(419, 5, 'Saturday', '19:00:00', '20:30:00', 'occupied', 'Computer Science'),
(420, 5, 'Saturday', '20:30:00', '21:00:00', 'occupied', 'Art'),
(421, 6, 'Monday', '07:00:00', '08:30:00', 'occupied', 'Business'),
(422, 6, 'Monday', '08:30:00', '10:00:00', 'occupied', 'Literature'),
(423, 6, 'Monday', '10:00:00', '11:30:00', 'available', 'none'),
(424, 6, 'Monday', '11:30:00', '13:00:00', 'occupied', 'Computer Science'),
(425, 6, 'Monday', '13:00:00', '14:30:00', 'occupied', 'Computer Science'),
(426, 6, 'Monday', '14:30:00', '16:00:00', 'occupied', 'Physics'),
(427, 6, 'Monday', '16:00:00', '17:30:00', 'available', 'none'),
(428, 6, 'Monday', '17:30:00', '19:00:00', 'occupied', 'Political Science'),
(429, 6, 'Monday', '19:00:00', '20:30:00', 'occupied', 'Music'),
(430, 6, 'Monday', '20:30:00', '21:00:00', 'available', 'none'),
(431, 6, 'Tuesday', '07:00:00', '08:30:00', 'occupied', 'Chemistry'),
(432, 6, 'Tuesday', '08:30:00', '10:00:00', 'occupied', 'Sociology'),
(433, 6, 'Tuesday', '10:00:00', '11:30:00', 'available', 'none'),
(434, 6, 'Tuesday', '11:30:00', '13:00:00', 'occupied', 'Engineering'),
(435, 6, 'Tuesday', '13:00:00', '14:30:00', 'occupied', 'Economics'),
(436, 6, 'Tuesday', '14:30:00', '16:00:00', 'occupied', 'Economics'),
(437, 6, 'Tuesday', '16:00:00', '17:30:00', 'available', 'none'),
(438, 6, 'Tuesday', '17:30:00', '19:00:00', 'occupied', 'Art'),
(439, 6, 'Tuesday', '19:00:00', '20:30:00', 'occupied', 'Chemistry'),
(440, 6, 'Tuesday', '20:30:00', '21:00:00', 'occupied', 'Business'),
(441, 6, 'Wednesday', '07:00:00', '08:30:00', 'occupied', 'Medicine'),
(442, 6, 'Wednesday', '08:30:00', '10:00:00', 'available', 'none'),
(443, 6, 'Wednesday', '10:00:00', '11:30:00', 'occupied', 'Business'),
(444, 6, 'Wednesday', '11:30:00', '13:00:00', 'occupied', 'Biology'),
(445, 6, 'Wednesday', '13:00:00', '14:30:00', 'occupied', 'Art'),
(446, 6, 'Wednesday', '14:30:00', '16:00:00', 'occupied', 'Political Science'),
(447, 6, 'Wednesday', '16:00:00', '17:30:00', 'occupied', 'Medicine'),
(448, 6, 'Wednesday', '17:30:00', '19:00:00', 'occupied', 'History'),
(449, 6, 'Wednesday', '19:00:00', '20:30:00', 'available', 'none'),
(450, 6, 'Wednesday', '20:30:00', '21:00:00', 'occupied', 'Art'),
(451, 6, 'Thursday', '07:00:00', '08:30:00', 'occupied', 'Economics'),
(452, 6, 'Thursday', '08:30:00', '10:00:00', 'occupied', 'Medicine'),
(453, 6, 'Thursday', '10:00:00', '11:30:00', 'available', 'none'),
(454, 6, 'Thursday', '11:30:00', '13:00:00', 'occupied', 'Law'),
(455, 6, 'Thursday', '13:00:00', '14:30:00', 'occupied', 'Literature'),
(456, 6, 'Thursday', '14:30:00', '16:00:00', 'occupied', 'Medicine'),
(457, 6, 'Thursday', '16:00:00', '17:30:00', 'available', 'none'),
(458, 6, 'Thursday', '17:30:00', '19:00:00', 'occupied', 'Physics'),
(459, 6, 'Thursday', '19:00:00', '20:30:00', 'occupied', 'Engineering'),
(460, 6, 'Thursday', '20:30:00', '21:00:00', 'occupied', 'Computer Science'),
(461, 6, 'Friday', '07:00:00', '08:30:00', 'occupied', 'Psychology'),
(462, 6, 'Friday', '08:30:00', '10:00:00', 'occupied', 'History'),
(463, 6, 'Friday', '10:00:00', '11:30:00', 'available', 'none'),
(464, 6, 'Friday', '11:30:00', '13:00:00', 'occupied', 'History'),
(465, 6, 'Friday', '13:00:00', '14:30:00', 'occupied', 'Law'),
(466, 6, 'Friday', '14:30:00', '16:00:00', 'occupied', 'English'),
(467, 6, 'Friday', '16:00:00', '17:30:00', 'available', 'none'),
(468, 6, 'Friday', '17:30:00', '19:00:00', 'occupied', 'Biology'),
(469, 6, 'Friday', '19:00:00', '20:30:00', 'occupied', 'English'),
(470, 6, 'Friday', '20:30:00', '21:00:00', 'occupied', 'Psychology'),
(471, 6, 'Saturday', '07:00:00', '08:30:00', 'occupied', 'Political Science'),
(472, 6, 'Saturday', '08:30:00', '10:00:00', 'occupied', 'Mathematics'),
(473, 6, 'Saturday', '10:00:00', '11:30:00', 'available', 'none'),
(474, 6, 'Saturday', '11:30:00', '13:00:00', 'occupied', 'Psychology'),
(475, 6, 'Saturday', '13:00:00', '14:30:00', 'occupied', 'Economics'),
(476, 6, 'Saturday', '14:30:00', '16:00:00', 'occupied', 'Business'),
(477, 6, 'Saturday', '16:00:00', '17:30:00', 'occupied', 'Medicine'),
(478, 6, 'Saturday', '17:30:00', '19:00:00', 'available', 'none'),
(479, 6, 'Saturday', '19:00:00', '20:30:00', 'occupied', 'Music'),
(480, 6, 'Saturday', '20:30:00', '21:00:00', 'occupied', 'Art'),
(481, 7, 'Monday', '07:00:00', '08:30:00', 'occupied', 'Psychology'),
(482, 7, 'Monday', '08:30:00', '10:00:00', 'available', 'none'),
(483, 7, 'Monday', '10:00:00', '11:30:00', 'occupied', 'Art'),
(484, 7, 'Monday', '11:30:00', '13:00:00', 'occupied', 'Literature'),
(485, 7, 'Monday', '13:00:00', '14:30:00', 'available', 'none'),
(486, 7, 'Monday', '14:30:00', '16:00:00', 'occupied', 'Psychology'),
(487, 7, 'Monday', '16:00:00', '17:30:00', 'occupied', 'Music'),
(488, 7, 'Monday', '17:30:00', '19:00:00', 'occupied', 'Literature'),
(489, 7, 'Monday', '19:00:00', '20:30:00', 'occupied', 'Sociology'),
(490, 7, 'Monday', '20:30:00', '21:00:00', 'available', 'none'),
(491, 7, 'Tuesday', '07:00:00', '08:30:00', 'occupied', 'Art'),
(492, 7, 'Tuesday', '08:30:00', '10:00:00', 'occupied', 'Chemistry'),
(493, 7, 'Tuesday', '10:00:00', '11:30:00', 'available', 'none'),
(494, 7, 'Tuesday', '11:30:00', '13:00:00', 'occupied', 'Business'),
(495, 7, 'Tuesday', '13:00:00', '14:30:00', 'occupied', 'Law'),
(496, 7, 'Tuesday', '14:30:00', '16:00:00', 'occupied', 'Mathematics'),
(497, 7, 'Tuesday', '16:00:00', '17:30:00', 'occupied', 'Geography'),
(498, 7, 'Tuesday', '17:30:00', '19:00:00', 'occupied', 'Art'),
(499, 7, 'Tuesday', '19:00:00', '20:30:00', 'available', 'none'),
(500, 7, 'Tuesday', '20:30:00', '21:00:00', 'occupied', 'Chemistry'),
(501, 7, 'Wednesday', '07:00:00', '08:30:00', 'available', 'none'),
(502, 7, 'Wednesday', '08:30:00', '10:00:00', 'occupied', 'Mathematics'),
(503, 7, 'Wednesday', '10:00:00', '11:30:00', 'occupied', 'Political Science'),
(504, 7, 'Wednesday', '11:30:00', '13:00:00', 'occupied', 'Music'),
(505, 7, 'Wednesday', '13:00:00', '14:30:00', 'occupied', 'Chemistry'),
(506, 7, 'Wednesday', '14:30:00', '16:00:00', 'occupied', 'Music'),
(507, 7, 'Wednesday', '16:00:00', '17:30:00', 'occupied', 'Chemistry'),
(508, 7, 'Wednesday', '17:30:00', '19:00:00', 'available', 'none'),
(509, 7, 'Wednesday', '19:00:00', '20:30:00', 'occupied', 'Business'),
(510, 7, 'Wednesday', '20:30:00', '21:00:00', 'occupied', 'Geography'),
(511, 7, 'Thursday', '07:00:00', '08:30:00', 'occupied', 'Physics'),
(512, 7, 'Thursday', '08:30:00', '10:00:00', 'occupied', 'Biology'),
(513, 7, 'Thursday', '10:00:00', '11:30:00', 'occupied', 'Psychology'),
(514, 7, 'Thursday', '11:30:00', '13:00:00', 'available', 'none'),
(515, 7, 'Thursday', '13:00:00', '14:30:00', 'occupied', 'Physics'),
(516, 7, 'Thursday', '14:30:00', '16:00:00', 'occupied', 'English'),
(517, 7, 'Thursday', '16:00:00', '17:30:00', 'occupied', 'Political Science'),
(518, 7, 'Thursday', '17:30:00', '19:00:00', 'available', 'none'),
(519, 7, 'Thursday', '19:00:00', '20:30:00', 'occupied', 'Medicine'),
(520, 7, 'Thursday', '20:30:00', '21:00:00', 'occupied', 'Geography'),
(521, 7, 'Friday', '07:00:00', '08:30:00', 'occupied', 'Mathematics'),
(522, 7, 'Friday', '08:30:00', '10:00:00', 'available', 'none'),
(523, 7, 'Friday', '10:00:00', '11:30:00', 'occupied', 'Chemistry'),
(524, 7, 'Friday', '11:30:00', '13:00:00', 'occupied', 'Engineering'),
(525, 7, 'Friday', '13:00:00', '14:30:00', 'occupied', 'Chemistry'),
(526, 7, 'Friday', '14:30:00', '16:00:00', 'available', 'none'),
(527, 7, 'Friday', '16:00:00', '17:30:00', 'occupied', 'Biology'),
(528, 7, 'Friday', '17:30:00', '19:00:00', 'occupied', 'Medicine'),
(529, 7, 'Friday', '19:00:00', '20:30:00', 'occupied', 'English'),
(530, 7, 'Friday', '20:30:00', '21:00:00', 'available', 'none'),
(531, 7, 'Saturday', '07:00:00', '08:30:00', 'occupied', 'History'),
(532, 7, 'Saturday', '08:30:00', '10:00:00', 'occupied', 'Chemistry'),
(533, 7, 'Saturday', '10:00:00', '11:30:00', 'occupied', 'Engineering'),
(534, 7, 'Saturday', '11:30:00', '13:00:00', 'available', 'none'),
(535, 7, 'Saturday', '13:00:00', '14:30:00', 'occupied', 'Biology'),
(536, 7, 'Saturday', '14:30:00', '16:00:00', 'occupied', 'Economics'),
(537, 7, 'Saturday', '16:00:00', '17:30:00', 'occupied', 'Engineering'),
(538, 7, 'Saturday', '17:30:00', '19:00:00', 'occupied', 'Geography'),
(539, 7, 'Saturday', '19:00:00', '20:30:00', 'available', 'none'),
(540, 7, 'Saturday', '20:30:00', '21:00:00', 'occupied', 'Literature'),
(541, 8, 'Monday', '07:00:00', '08:30:00', 'occupied', 'Literature'),
(542, 8, 'Monday', '08:30:00', '10:00:00', 'occupied', 'Computer Science'),
(543, 8, 'Monday', '10:00:00', '11:30:00', 'available', 'none'),
(544, 8, 'Monday', '11:30:00', '13:00:00', 'occupied', 'Medicine'),
(545, 8, 'Monday', '13:00:00', '14:30:00', 'occupied', 'Computer Science'),
(546, 8, 'Monday', '14:30:00', '16:00:00', 'occupied', 'Law'),
(547, 8, 'Monday', '16:00:00', '17:30:00', 'available', 'none'),
(548, 8, 'Monday', '17:30:00', '19:00:00', 'occupied', 'Philosophy'),
(549, 8, 'Monday', '19:00:00', '20:30:00', 'occupied', 'Computer Science'),
(550, 8, 'Monday', '20:30:00', '21:00:00', 'occupied', 'History'),
(551, 8, 'Tuesday', '07:00:00', '08:30:00', 'occupied', 'History'),
(552, 8, 'Tuesday', '08:30:00', '10:00:00', 'available', 'none'),
(553, 8, 'Tuesday', '10:00:00', '11:30:00', 'occupied', 'Medicine'),
(554, 8, 'Tuesday', '11:30:00', '13:00:00', 'occupied', 'Art'),
(555, 8, 'Tuesday', '13:00:00', '14:30:00', 'occupied', 'Philosophy'),
(556, 8, 'Tuesday', '14:30:00', '16:00:00', 'occupied', 'Psychology'),
(557, 8, 'Tuesday', '16:00:00', '17:30:00', 'available', 'none'),
(558, 8, 'Tuesday', '17:30:00', '19:00:00', 'occupied', 'Law'),
(559, 8, 'Tuesday', '19:00:00', '20:30:00', 'occupied', 'Mathematics'),
(560, 8, 'Tuesday', '20:30:00', '21:00:00', 'occupied', 'English'),
(561, 8, 'Wednesday', '07:00:00', '08:30:00', 'available', 'none'),
(562, 8, 'Wednesday', '08:30:00', '10:00:00', 'occupied', 'Chemistry'),
(563, 8, 'Wednesday', '10:00:00', '11:30:00', 'occupied', 'Art'),
(564, 8, 'Wednesday', '11:30:00', '13:00:00', 'occupied', 'Music'),
(565, 8, 'Wednesday', '13:00:00', '14:30:00', 'occupied', 'Business'),
(566, 8, 'Wednesday', '14:30:00', '16:00:00', 'occupied', 'Chemistry'),
(567, 8, 'Wednesday', '16:00:00', '17:30:00', 'available', 'none'),
(568, 8, 'Wednesday', '17:30:00', '19:00:00', 'occupied', 'Sociology'),
(569, 8, 'Wednesday', '19:00:00', '20:30:00', 'occupied', 'Medicine'),
(570, 8, 'Wednesday', '20:30:00', '21:00:00', 'occupied', 'Economics'),
(571, 8, 'Thursday', '07:00:00', '08:30:00', 'occupied', 'Computer Science'),
(572, 8, 'Thursday', '08:30:00', '10:00:00', 'available', 'none'),
(573, 8, 'Thursday', '10:00:00', '11:30:00', 'occupied', 'Mathematics'),
(574, 8, 'Thursday', '11:30:00', '13:00:00', 'occupied', 'Law'),
(575, 8, 'Thursday', '13:00:00', '14:30:00', 'occupied', 'Chemistry'),
(576, 8, 'Thursday', '14:30:00', '16:00:00', 'available', 'none'),
(577, 8, 'Thursday', '16:00:00', '17:30:00', 'occupied', 'Sociology'),
(578, 8, 'Thursday', '17:30:00', '19:00:00', 'occupied', 'Engineering'),
(579, 8, 'Thursday', '19:00:00', '20:30:00', 'occupied', 'Geography'),
(580, 8, 'Thursday', '20:30:00', '21:00:00', 'occupied', 'Chemistry'),
(581, 8, 'Friday', '07:00:00', '08:30:00', 'occupied', 'Law'),
(582, 8, 'Friday', '08:30:00', '10:00:00', 'available', 'none'),
(583, 8, 'Friday', '10:00:00', '11:30:00', 'occupied', 'Law'),
(584, 8, 'Friday', '11:30:00', '13:00:00', 'occupied', 'Geography'),
(585, 8, 'Friday', '13:00:00', '14:30:00', 'occupied', 'Business'),
(586, 8, 'Friday', '14:30:00', '16:00:00', 'available', 'none'),
(587, 8, 'Friday', '16:00:00', '17:30:00', 'occupied', 'Philosophy'),
(588, 8, 'Friday', '17:30:00', '19:00:00', 'occupied', 'Medicine'),
(589, 8, 'Friday', '19:00:00', '20:30:00', 'occupied', 'Political Science'),
(590, 8, 'Friday', '20:30:00', '21:00:00', 'available', 'none'),
(591, 8, 'Saturday', '07:00:00', '08:30:00', 'occupied', 'Literature'),
(592, 8, 'Saturday', '08:30:00', '10:00:00', 'available', 'none'),
(593, 8, 'Saturday', '10:00:00', '11:30:00', 'occupied', 'Mathematics'),
(594, 8, 'Saturday', '11:30:00', '13:00:00', 'occupied', 'History'),
(595, 8, 'Saturday', '13:00:00', '14:30:00', 'occupied', 'Medicine'),
(596, 8, 'Saturday', '14:30:00', '16:00:00', 'occupied', 'Art'),
(597, 8, 'Saturday', '16:00:00', '17:30:00', 'available', 'none'),
(598, 8, 'Saturday', '17:30:00', '19:00:00', 'occupied', 'Psychology'),
(599, 8, 'Saturday', '19:00:00', '20:30:00', 'occupied', 'Music'),
(600, 8, 'Saturday', '20:30:00', '21:00:00', 'occupied', 'Economics'),
(601, 9, 'Monday', '07:00:00', '08:30:00', 'occupied', 'History'),
(602, 9, 'Monday', '08:30:00', '10:00:00', 'occupied', 'Literature'),
(603, 9, 'Monday', '10:00:00', '11:30:00', 'occupied', 'Engineering'),
(604, 9, 'Monday', '11:30:00', '13:00:00', 'available', 'none'),
(605, 9, 'Monday', '13:00:00', '14:30:00', 'occupied', 'Philosophy'),
(606, 9, 'Monday', '14:30:00', '16:00:00', 'occupied', 'Political Science'),
(607, 9, 'Monday', '16:00:00', '17:30:00', 'available', 'none'),
(608, 9, 'Monday', '17:30:00', '19:00:00', 'occupied', 'Physics'),
(609, 9, 'Monday', '19:00:00', '20:30:00', 'occupied', 'Mathematics'),
(610, 9, 'Monday', '20:30:00', '21:00:00', 'available', 'none'),
(611, 9, 'Tuesday', '07:00:00', '08:30:00', 'occupied', 'Art'),
(612, 9, 'Tuesday', '08:30:00', '10:00:00', 'occupied', 'Biology'),
(613, 9, 'Tuesday', '10:00:00', '11:30:00', 'available', 'none'),
(614, 9, 'Tuesday', '11:30:00', '13:00:00', 'occupied', 'History'),
(615, 9, 'Tuesday', '13:00:00', '14:30:00', 'occupied', 'Physics'),
(616, 9, 'Tuesday', '14:30:00', '16:00:00', 'occupied', 'Geography'),
(617, 9, 'Tuesday', '16:00:00', '17:30:00', 'available', 'none'),
(618, 9, 'Tuesday', '17:30:00', '19:00:00', 'occupied', 'Medicine'),
(619, 9, 'Tuesday', '19:00:00', '20:30:00', 'occupied', 'Political Science'),
(620, 9, 'Tuesday', '20:30:00', '21:00:00', 'occupied', 'History'),
(621, 9, 'Wednesday', '07:00:00', '08:30:00', 'occupied', 'Chemistry'),
(622, 9, 'Wednesday', '08:30:00', '10:00:00', 'occupied', 'Psychology'),
(623, 9, 'Wednesday', '10:00:00', '11:30:00', 'available', 'none'),
(624, 9, 'Wednesday', '11:30:00', '13:00:00', 'occupied', 'Literature'),
(625, 9, 'Wednesday', '13:00:00', '14:30:00', 'occupied', 'Biology'),
(626, 9, 'Wednesday', '14:30:00', '16:00:00', 'occupied', 'Chemistry'),
(627, 9, 'Wednesday', '16:00:00', '17:30:00', 'available', 'none'),
(628, 9, 'Wednesday', '17:30:00', '19:00:00', 'occupied', 'Business'),
(629, 9, 'Wednesday', '19:00:00', '20:30:00', 'occupied', 'Medicine'),
(630, 9, 'Wednesday', '20:30:00', '21:00:00', 'occupied', 'Music'),
(631, 9, 'Thursday', '07:00:00', '08:30:00', 'occupied', 'Music'),
(632, 9, 'Thursday', '08:30:00', '10:00:00', 'occupied', 'Sociology'),
(633, 9, 'Thursday', '10:00:00', '11:30:00', 'occupied', 'Physics'),
(634, 9, 'Thursday', '11:30:00', '13:00:00', 'available', 'none'),
(635, 9, 'Thursday', '13:00:00', '14:30:00', 'occupied', 'Biology'),
(636, 9, 'Thursday', '14:30:00', '16:00:00', 'occupied', 'Medicine'),
(637, 9, 'Thursday', '16:00:00', '17:30:00', 'available', 'none'),
(638, 9, 'Thursday', '17:30:00', '19:00:00', 'occupied', 'Economics'),
(639, 9, 'Thursday', '19:00:00', '20:30:00', 'occupied', 'Geography'),
(640, 9, 'Thursday', '20:30:00', '21:00:00', 'occupied', 'Engineering'),
(641, 9, 'Friday', '07:00:00', '08:30:00', 'occupied', 'Medicine'),
(642, 9, 'Friday', '08:30:00', '10:00:00', 'available', 'none'),
(643, 9, 'Friday', '10:00:00', '11:30:00', 'occupied', 'Literature'),
(644, 9, 'Friday', '11:30:00', '13:00:00', 'occupied', 'Law'),
(645, 9, 'Friday', '13:00:00', '14:30:00', 'occupied', 'History'),
(646, 9, 'Friday', '14:30:00', '16:00:00', 'available', 'none'),
(647, 9, 'Friday', '16:00:00', '17:30:00', 'occupied', 'Political Science'),
(648, 9, 'Friday', '17:30:00', '19:00:00', 'occupied', 'Mathematics'),
(649, 9, 'Friday', '19:00:00', '20:30:00', 'occupied', 'Psychology'),
(650, 9, 'Friday', '20:30:00', '21:00:00', 'available', 'none'),
(651, 9, 'Saturday', '07:00:00', '08:30:00', 'occupied', 'Medicine'),
(652, 9, 'Saturday', '08:30:00', '10:00:00', 'occupied', 'Law'),
(653, 9, 'Saturday', '10:00:00', '11:30:00', 'available', 'none'),
(654, 9, 'Saturday', '11:30:00', '13:00:00', 'occupied', 'Geography'),
(655, 9, 'Saturday', '13:00:00', '14:30:00', 'occupied', 'Chemistry'),
(656, 9, 'Saturday', '14:30:00', '16:00:00', 'occupied', 'History'),
(657, 9, 'Saturday', '16:00:00', '17:30:00', 'available', 'none'),
(658, 9, 'Saturday', '17:30:00', '19:00:00', 'occupied', 'Economics'),
(659, 9, 'Saturday', '19:00:00', '20:30:00', 'occupied', 'Mathematics'),
(660, 9, 'Saturday', '20:30:00', '21:00:00', 'occupied', 'Art'),
(661, 10, 'Monday', '07:00:00', '08:30:00', 'occupied', 'History'),
(662, 10, 'Monday', '08:30:00', '10:00:00', 'occupied', 'Physics'),
(663, 10, 'Monday', '10:00:00', '11:30:00', 'available', 'none'),
(664, 10, 'Monday', '11:30:00', '13:00:00', 'occupied', 'History'),
(665, 10, 'Monday', '13:00:00', '14:30:00', 'occupied', 'Computer Science'),
(666, 10, 'Monday', '14:30:00', '16:00:00', 'occupied', 'History'),
(667, 10, 'Monday', '16:00:00', '17:30:00', 'occupied', 'History'),
(668, 10, 'Monday', '17:30:00', '19:00:00', 'occupied', 'Medicine'),
(669, 10, 'Monday', '19:00:00', '20:30:00', 'available', 'none'),
(670, 10, 'Monday', '20:30:00', '21:00:00', 'occupied', 'Music'),
(671, 10, 'Tuesday', '07:00:00', '08:30:00', 'occupied', 'Business'),
(672, 10, 'Tuesday', '08:30:00', '10:00:00', 'occupied', 'Mathematics'),
(673, 10, 'Tuesday', '10:00:00', '11:30:00', 'occupied', 'Biology'),
(674, 10, 'Tuesday', '11:30:00', '13:00:00', 'occupied', 'Psychology'),
(675, 10, 'Tuesday', '13:00:00', '14:30:00', 'available', 'none'),
(676, 10, 'Tuesday', '14:30:00', '16:00:00', 'occupied', 'Biology'),
(677, 10, 'Tuesday', '16:00:00', '17:30:00', 'occupied', 'Law'),
(678, 10, 'Tuesday', '17:30:00', '19:00:00', 'available', 'none'),
(679, 10, 'Tuesday', '19:00:00', '20:30:00', 'occupied', 'Medicine'),
(680, 10, 'Tuesday', '20:30:00', '21:00:00', 'occupied', 'Physics'),
(681, 10, 'Wednesday', '07:00:00', '08:30:00', 'occupied', 'Law'),
(682, 10, 'Wednesday', '08:30:00', '10:00:00', 'occupied', 'Business'),
(683, 10, 'Wednesday', '10:00:00', '11:30:00', 'occupied', 'Mathematics'),
(684, 10, 'Wednesday', '11:30:00', '13:00:00', 'available', 'none'),
(685, 10, 'Wednesday', '13:00:00', '14:30:00', 'occupied', 'English'),
(686, 10, 'Wednesday', '14:30:00', '16:00:00', 'occupied', 'Business'),
(687, 10, 'Wednesday', '16:00:00', '17:30:00', 'occupied', 'English'),
(688, 10, 'Wednesday', '17:30:00', '19:00:00', 'occupied', 'English'),
(689, 10, 'Wednesday', '19:00:00', '20:30:00', 'available', 'none'),
(690, 10, 'Wednesday', '20:30:00', '21:00:00', 'occupied', 'Computer Science'),
(691, 10, 'Thursday', '07:00:00', '08:30:00', 'available', 'none'),
(692, 10, 'Thursday', '08:30:00', '10:00:00', 'occupied', 'Medicine'),
(693, 10, 'Thursday', '10:00:00', '11:30:00', 'occupied', 'Engineering'),
(694, 10, 'Thursday', '11:30:00', '13:00:00', 'occupied', 'Art'),
(695, 10, 'Thursday', '13:00:00', '14:30:00', 'occupied', 'Art'),
(696, 10, 'Thursday', '14:30:00', '16:00:00', 'available', 'none'),
(697, 10, 'Thursday', '16:00:00', '17:30:00', 'occupied', 'Sociology'),
(698, 10, 'Thursday', '17:30:00', '19:00:00', 'occupied', 'English'),
(699, 10, 'Thursday', '19:00:00', '20:30:00', 'occupied', 'Political Science'),
(700, 10, 'Thursday', '20:30:00', '21:00:00', 'occupied', 'History'),
(701, 10, 'Friday', '07:00:00', '08:30:00', 'occupied', 'Biology'),
(702, 10, 'Friday', '08:30:00', '10:00:00', 'occupied', 'Business'),
(703, 10, 'Friday', '10:00:00', '11:30:00', 'available', 'none'),
(704, 10, 'Friday', '11:30:00', '13:00:00', 'occupied', 'Geography'),
(705, 10, 'Friday', '13:00:00', '14:30:00', 'occupied', 'Music'),
(706, 10, 'Friday', '14:30:00', '16:00:00', 'available', 'none'),
(707, 10, 'Friday', '16:00:00', '17:30:00', 'occupied', 'Medicine'),
(708, 10, 'Friday', '17:30:00', '19:00:00', 'occupied', 'Chemistry'),
(709, 10, 'Friday', '19:00:00', '20:30:00', 'occupied', 'Sociology'),
(710, 10, 'Friday', '20:30:00', '21:00:00', 'available', 'none'),
(711, 10, 'Saturday', '07:00:00', '08:30:00', 'occupied', 'Computer Science'),
(712, 10, 'Saturday', '08:30:00', '10:00:00', 'occupied', 'Physics'),
(713, 10, 'Saturday', '10:00:00', '11:30:00', 'occupied', 'Art'),
(714, 10, 'Saturday', '11:30:00', '13:00:00', 'available', 'none'),
(715, 10, 'Saturday', '13:00:00', '14:30:00', 'occupied', 'Biology'),
(716, 10, 'Saturday', '14:30:00', '16:00:00', 'occupied', 'Geography'),
(717, 10, 'Saturday', '16:00:00', '17:30:00', 'occupied', 'Literature'),
(718, 10, 'Saturday', '17:30:00', '19:00:00', 'available', 'none'),
(719, 10, 'Saturday', '19:00:00', '20:30:00', 'occupied', 'Chemistry'),
(720, 10, 'Saturday', '20:30:00', '21:00:00', 'occupied', 'Business'),
(721, 11, 'Monday', '07:00:00', '08:30:00', 'occupied', 'Computer Science'),
(722, 11, 'Monday', '08:30:00', '10:00:00', 'available', 'none'),
(723, 11, 'Monday', '10:00:00', '11:30:00', 'occupied', 'Engineering'),
(724, 11, 'Monday', '11:30:00', '13:00:00', 'occupied', 'Biology'),
(725, 11, 'Monday', '13:00:00', '14:30:00', 'occupied', 'English'),
(726, 11, 'Monday', '14:30:00', '16:00:00', 'occupied', 'Philosophy'),
(727, 11, 'Monday', '16:00:00', '17:30:00', 'occupied', 'Psychology'),
(728, 11, 'Monday', '17:30:00', '19:00:00', 'available', 'none'),
(729, 11, 'Monday', '19:00:00', '20:30:00', 'occupied', 'Medicine'),
(730, 11, 'Monday', '20:30:00', '21:00:00', 'occupied', 'Law'),
(731, 11, 'Tuesday', '07:00:00', '08:30:00', 'occupied', 'Economics'),
(732, 11, 'Tuesday', '08:30:00', '10:00:00', 'occupied', 'English'),
(733, 11, 'Tuesday', '10:00:00', '11:30:00', 'occupied', 'Business'),
(734, 11, 'Tuesday', '11:30:00', '13:00:00', 'available', 'none'),
(735, 11, 'Tuesday', '13:00:00', '14:30:00', 'occupied', 'Chemistry'),
(736, 11, 'Tuesday', '14:30:00', '16:00:00', 'occupied', 'Philosophy'),
(737, 11, 'Tuesday', '16:00:00', '17:30:00', 'occupied', 'Business'),
(738, 11, 'Tuesday', '17:30:00', '19:00:00', 'occupied', 'Political Science'),
(739, 11, 'Tuesday', '19:00:00', '20:30:00', 'available', 'none'),
(740, 11, 'Tuesday', '20:30:00', '21:00:00', 'occupied', 'History'),
(741, 11, 'Wednesday', '07:00:00', '08:30:00', 'occupied', 'Biology'),
(742, 11, 'Wednesday', '08:30:00', '10:00:00', 'available', 'none'),
(743, 11, 'Wednesday', '10:00:00', '11:30:00', 'occupied', 'Political Science'),
(744, 11, 'Wednesday', '11:30:00', '13:00:00', 'occupied', 'Law'),
(745, 11, 'Wednesday', '13:00:00', '14:30:00', 'occupied', 'Law'),
(746, 11, 'Wednesday', '14:30:00', '16:00:00', 'occupied', 'Literature'),
(747, 11, 'Wednesday', '16:00:00', '17:30:00', 'occupied', 'Engineering'),
(748, 11, 'Wednesday', '17:30:00', '19:00:00', 'available', 'none'),
(749, 11, 'Wednesday', '19:00:00', '20:30:00', 'occupied', 'Political Science'),
(750, 11, 'Wednesday', '20:30:00', '21:00:00', 'occupied', 'Medicine'),
(751, 11, 'Thursday', '07:00:00', '08:30:00', 'occupied', 'Literature'),
(752, 11, 'Thursday', '08:30:00', '10:00:00', 'occupied', 'Philosophy'),
(753, 11, 'Thursday', '10:00:00', '11:30:00', 'occupied', 'Engineering'),
(754, 11, 'Thursday', '11:30:00', '13:00:00', 'occupied', 'Medicine'),
(755, 11, 'Thursday', '13:00:00', '14:30:00', 'available', 'none'),
(756, 11, 'Thursday', '14:30:00', '16:00:00', 'occupied', 'History'),
(757, 11, 'Thursday', '16:00:00', '17:30:00', 'occupied', 'Political Science'),
(758, 11, 'Thursday', '17:30:00', '19:00:00', 'available', 'none'),
(759, 11, 'Thursday', '19:00:00', '20:30:00', 'occupied', 'Biology'),
(760, 11, 'Thursday', '20:30:00', '21:00:00', 'occupied', 'Economics'),
(761, 11, 'Friday', '07:00:00', '08:30:00', 'occupied', 'Medicine'),
(762, 11, 'Friday', '08:30:00', '10:00:00', 'available', 'none'),
(763, 11, 'Friday', '10:00:00', '11:30:00', 'occupied', 'Philosophy'),
(764, 11, 'Friday', '11:30:00', '13:00:00', 'occupied', 'Law'),
(765, 11, 'Friday', '13:00:00', '14:30:00', 'occupied', 'Business'),
(766, 11, 'Friday', '14:30:00', '16:00:00', 'occupied', 'Chemistry'),
(767, 11, 'Friday', '16:00:00', '17:30:00', 'occupied', 'Law'),
(768, 11, 'Friday', '17:30:00', '19:00:00', 'available', 'none'),
(769, 11, 'Friday', '19:00:00', '20:30:00', 'occupied', 'Psychology'),
(770, 11, 'Friday', '20:30:00', '21:00:00', 'occupied', 'Art'),
(771, 11, 'Saturday', '07:00:00', '08:30:00', 'occupied', 'Mathematics'),
(772, 11, 'Saturday', '08:30:00', '10:00:00', 'occupied', 'Law'),
(773, 11, 'Saturday', '10:00:00', '11:30:00', 'occupied', 'Physics'),
(774, 11, 'Saturday', '11:30:00', '13:00:00', 'available', 'none'),
(775, 11, 'Saturday', '13:00:00', '14:30:00', 'occupied', 'Geography'),
(776, 11, 'Saturday', '14:30:00', '16:00:00', 'occupied', 'Law'),
(777, 11, 'Saturday', '16:00:00', '17:30:00', 'available', 'none'),
(778, 11, 'Saturday', '17:30:00', '19:00:00', 'occupied', 'Physics'),
(779, 11, 'Saturday', '19:00:00', '20:30:00', 'occupied', 'Geography'),
(780, 11, 'Saturday', '20:30:00', '21:00:00', 'available', 'none'),
(781, 12, 'Monday', '07:00:00', '08:30:00', 'occupied', 'Political Science'),
(782, 12, 'Monday', '08:30:00', '10:00:00', 'occupied', 'Business'),
(783, 12, 'Monday', '10:00:00', '11:30:00', 'occupied', 'Geography'),
(784, 12, 'Monday', '11:30:00', '13:00:00', 'available', 'none'),
(785, 12, 'Monday', '13:00:00', '14:30:00', 'occupied', 'Music'),
(786, 12, 'Monday', '14:30:00', '16:00:00', 'occupied', 'Engineering'),
(787, 12, 'Monday', '16:00:00', '17:30:00', 'available', 'none'),
(788, 12, 'Monday', '17:30:00', '19:00:00', 'occupied', 'Political Science'),
(789, 12, 'Monday', '19:00:00', '20:30:00', 'occupied', 'Law'),
(790, 12, 'Monday', '20:30:00', '21:00:00', 'available', 'none'),
(791, 12, 'Tuesday', '07:00:00', '08:30:00', 'occupied', 'Philosophy'),
(792, 12, 'Tuesday', '08:30:00', '10:00:00', 'occupied', 'Computer Science'),
(793, 12, 'Tuesday', '10:00:00', '11:30:00', 'occupied', 'Geography'),
(794, 12, 'Tuesday', '11:30:00', '13:00:00', 'available', 'none'),
(795, 12, 'Tuesday', '13:00:00', '14:30:00', 'occupied', 'Computer Science'),
(796, 12, 'Tuesday', '14:30:00', '16:00:00', 'occupied', 'History'),
(797, 12, 'Tuesday', '16:00:00', '17:30:00', 'occupied', 'Physics'),
(798, 12, 'Tuesday', '17:30:00', '19:00:00', 'available', 'none'),
(799, 12, 'Tuesday', '19:00:00', '20:30:00', 'occupied', 'Engineering'),
(800, 12, 'Tuesday', '20:30:00', '21:00:00', 'occupied', 'Literature'),
(801, 12, 'Wednesday', '07:00:00', '08:30:00', 'occupied', 'Art'),
(802, 12, 'Wednesday', '08:30:00', '10:00:00', 'occupied', 'Medicine'),
(803, 12, 'Wednesday', '10:00:00', '11:30:00', 'available', 'none'),
(804, 12, 'Wednesday', '11:30:00', '13:00:00', 'occupied', 'Biology'),
(805, 12, 'Wednesday', '13:00:00', '14:30:00', 'occupied', 'English'),
(806, 12, 'Wednesday', '14:30:00', '16:00:00', 'occupied', 'Philosophy'),
(807, 12, 'Wednesday', '16:00:00', '17:30:00', 'available', 'none'),
(808, 12, 'Wednesday', '17:30:00', '19:00:00', 'occupied', 'Law'),
(809, 12, 'Wednesday', '19:00:00', '20:30:00', 'occupied', 'Physics'),
(810, 12, 'Wednesday', '20:30:00', '21:00:00', 'occupied', 'Computer Science'),
(811, 12, 'Thursday', '07:00:00', '08:30:00', 'occupied', 'Literature'),
(812, 12, 'Thursday', '08:30:00', '10:00:00', 'occupied', 'Art'),
(813, 12, 'Thursday', '10:00:00', '11:30:00', 'occupied', 'Engineering'),
(814, 12, 'Thursday', '11:30:00', '13:00:00', 'occupied', 'Mathematics'),
(815, 12, 'Thursday', '13:00:00', '14:30:00', 'available', 'none'),
(816, 12, 'Thursday', '14:30:00', '16:00:00', 'occupied', 'Engineering'),
(817, 12, 'Thursday', '16:00:00', '17:30:00', 'occupied', 'Law'),
(818, 12, 'Thursday', '17:30:00', '19:00:00', 'available', 'none'),
(819, 12, 'Thursday', '19:00:00', '20:30:00', 'occupied', 'Economics'),
(820, 12, 'Thursday', '20:30:00', '21:00:00', 'occupied', 'English'),
(821, 12, 'Friday', '07:00:00', '08:30:00', 'occupied', 'Art'),
(822, 12, 'Friday', '08:30:00', '10:00:00', 'occupied', 'Sociology'),
(823, 12, 'Friday', '10:00:00', '11:30:00', 'occupied', 'Literature'),
(824, 12, 'Friday', '11:30:00', '13:00:00', 'available', 'none'),
(825, 12, 'Friday', '13:00:00', '14:30:00', 'occupied', 'Mathematics'),
(826, 12, 'Friday', '14:30:00', '16:00:00', 'occupied', 'English'),
(827, 12, 'Friday', '16:00:00', '17:30:00', 'occupied', 'Biology'),
(828, 12, 'Friday', '17:30:00', '19:00:00', 'available', 'none'),
(829, 12, 'Friday', '19:00:00', '20:30:00', 'occupied', 'Chemistry'),
(830, 12, 'Friday', '20:30:00', '21:00:00', 'occupied', 'Chemistry'),
(831, 12, 'Saturday', '07:00:00', '08:30:00', 'occupied', 'English'),
(832, 12, 'Saturday', '08:30:00', '10:00:00', 'available', 'none'),
(833, 12, 'Saturday', '10:00:00', '11:30:00', 'occupied', 'Psychology'),
(834, 12, 'Saturday', '11:30:00', '13:00:00', 'occupied', 'Physics'),
(835, 12, 'Saturday', '13:00:00', '14:30:00', 'occupied', 'Chemistry'),
(836, 12, 'Saturday', '14:30:00', '16:00:00', 'available', 'none'),
(837, 12, 'Saturday', '16:00:00', '17:30:00', 'occupied', 'Computer Science'),
(838, 12, 'Saturday', '17:30:00', '19:00:00', 'occupied', 'Art'),
(839, 12, 'Saturday', '19:00:00', '20:30:00', 'occupied', 'Physics'),
(840, 12, 'Saturday', '20:30:00', '21:00:00', 'occupied', 'Psychology');

-- --------------------------------------------------------

--
-- Table structure for table `users`
--

CREATE TABLE `users` (
  `user_id` int(11) NOT NULL,
  `username` varchar(50) NOT NULL,
  `email` varchar(100) NOT NULL,
  `password_hash` varchar(255) NOT NULL,
  `student_num` int(11) DEFAULT NULL,
  `program` varchar(50) DEFAULT NULL,
  `year_level` varchar(10) DEFAULT NULL,
  `student_status` varchar(25) DEFAULT NULL
) ENGINE=InnoDB DEFAULT CHARSET=utf8mb4 COLLATE=utf8mb4_unicode_ci;

--
-- Dumping data for table `users`
--

INSERT INTO `users` (`user_id`, `username`, `email`, `password_hash`, `student_num`, `program`, `year_level`, `student_status`) VALUES
(1, 'Juan', 'jfdelacruz2021@plm.edu.ph', 'hashed_password_1', 202101099, 'BS IT', '4th', 'Regular'),
(2, 'Pedro', 'prdelacruz2021@plm.edu.ph', 'hashed_password_2', 202101091, 'BS IT', '4th', 'Regular');

--
-- Indexes for dumped tables
--

--
-- Indexes for table `chat_history`
--
ALTER TABLE `chat_history`
  ADD PRIMARY KEY (`id`),
  ADD KEY `room_id` (`room_id`),
  ADD KEY `user_id` (`user_id`),
  ADD KEY `username` (`username`);

--
-- Indexes for table `rooms`
--
ALTER TABLE `rooms`
  ADD PRIMARY KEY (`room_id`);

--
-- Indexes for table `schedules`
--
ALTER TABLE `schedules`
  ADD PRIMARY KEY (`schedule_id`),
  ADD KEY `room_id` (`room_id`);

--
-- Indexes for table `users`
--
ALTER TABLE `users`
  ADD PRIMARY KEY (`user_id`),
  ADD UNIQUE KEY `username` (`username`),
  ADD UNIQUE KEY `email` (`email`);

--
-- AUTO_INCREMENT for dumped tables
--

--
-- AUTO_INCREMENT for table `chat_history`
--
ALTER TABLE `chat_history`
  MODIFY `id` int(11) NOT NULL AUTO_INCREMENT, AUTO_INCREMENT=3;

--
-- AUTO_INCREMENT for table `rooms`
--
ALTER TABLE `rooms`
  MODIFY `room_id` int(11) NOT NULL AUTO_INCREMENT, AUTO_INCREMENT=38;

--
-- AUTO_INCREMENT for table `schedules`
--
ALTER TABLE `schedules`
  MODIFY `schedule_id` int(11) NOT NULL AUTO_INCREMENT, AUTO_INCREMENT=841;

--
-- AUTO_INCREMENT for table `users`
--
ALTER TABLE `users`
  MODIFY `user_id` int(11) NOT NULL AUTO_INCREMENT, AUTO_INCREMENT=3;

--
-- Constraints for dumped tables
--

--
-- Constraints for table `chat_history`
--
ALTER TABLE `chat_history`
  ADD CONSTRAINT `chat_history_ibfk_1` FOREIGN KEY (`room_id`) REFERENCES `rooms` (`room_id`),
  ADD CONSTRAINT `chat_history_ibfk_2` FOREIGN KEY (`user_id`) REFERENCES `users` (`user_id`);

--
-- Constraints for table `schedules`
--
ALTER TABLE `schedules`
  ADD CONSTRAINT `schedules_ibfk_1` FOREIGN KEY (`room_id`) REFERENCES `rooms` (`room_id`);
COMMIT;

/*!40101 SET CHARACTER_SET_CLIENT=@OLD_CHARACTER_SET_CLIENT */;
/*!40101 SET CHARACTER_SET_RESULTS=@OLD_CHARACTER_SET_RESULTS */;
/*!40101 SET COLLATION_CONNECTION=@OLD_COLLATION_CONNECTION */;
